hotel_name,city,state,property_type,star_rating,review_rating,review_count,price,distance_to_landmark_km,nearest_landmark,has_wifi,has_parking,has_pool,has_ac,has_breakfast,has_fitness_center,has_spa,has_restaurant,has_bar,pet_friendly,kid_friendly,wheelchair_accessible,has_hot_tub,has_airport_shuttle,has_room_service,source_dataset
Crowne Plaza Kochi,kochi,Kerala,Hotel,5.0,4.6,,8854.0,,,1.0,1.0,1.0,1.0,1.0,1.0,1.0,0.0,0.0,0.0,0.0,0.0,1.0,0.0,0.0,google
Trident Hotel Cochin,kochi,Kerala,Hotel,5.0,4.5,,6441.0,,,1.0,1.0,1.0,1.0,1.0,1.0,1.0,1.0,0.0,0.0,0.0,0.0,0.0,0.0,0.0,google
The Galaxy Suites,kochi,Kerala,Apartment,,3.8,,831.0,,,1.0,1.0,0.0,0.0,0.0,0.0,0.0,0.0,0.0,0.0,0.0,0.0,0.0,0.0,0.0,google
The Renai cochin,kochi,Kerala,Hotel,4.0,4.2,,2768.0,,,1.0,1.0,1.0,1.0,1.0,1.0,1.0,0.0,1.0,0.0,0.0,0.0,0.0,0.0,0.0,google
Ramada by Wyndham Kochi,kochi,Kerala,Hotel,5.0,4.5,,8938.0,,,1.0,1.0,1.0,1.0,1.0,1.0,1.0,0.0,1.0,0.0,0.0,0.0,0.0,0.0,0.0,google
The Renai cochin,kochi,Kerala,Hotel,4.0,4.2,,2768.0,,,1.0,1.0,1.0,1.0,1.0,1.0,1.0,0.0,1.0,0.0,0.0,0.0,0.0,0.0,0.0,google
"Radisson Blu Hotel, Kochi",kochi,Kerala,Hotel,5.0,4.3,,6061.0,,,1.0,1.0,1.0,1.0,1.0,1.0,1.0,0.0,0.0,0.0,0.0,0.0,1.0,0.0,0.0,google
"Holiday Inn Cochin, an IHG Hotel",kochi,Kerala,Hotel,5.0,4.4,,5689.0,,,1.0,1.0,1.0,1.0,1.0,1.0,0.0,1.0,1.0,0.0,0.0,0.0,0.0,0.0,0.0,google
OAK FIELD INN,kochi,Kerala,Hotel,,3.8,,819.0,,,1.0,1.0,0.0,1.0,1.0,0.0,0.0,1.0,0.0,0.0,1.0,0.0,0.0,0.0,0.0,google
Grand Hyatt Kochi Bolgatty,kochi,Kerala,Hotel,5.0,4.7,,14282.0,,,1.0,1.0,1.0,1.0,1.0,1.0,1.0,0.0,0.0,0.0,0.0,0.0,1.0,0.0,0.0,google
Hotel South Gate Residency,kochi,Kerala,Hotel,3.0,3.9,,1051.0,,,1.0,1.0,0.0,1.0,1.0,0.0,0.0,1.0,0.0,0.0,1.0,0.0,0.0,1.0,0.0,google
Cherai Beach Resorts,kochi,Kerala,Hotel,3.0,3.9,,3281.0,,,1.0,1.0,1.0,1.0,1.0,1.0,1.0,0.0,0.0,0.0,0.0,0.0,0.0,0.0,0.0,google
North Centre Hotel,kochi,Kerala,Hotel,3.0,4.7,,1118.0,,,1.0,1.0,0.0,1.0,1.0,0.0,0.0,0.0,0.0,0.0,1.0,0.0,0.0,1.0,0.0,google
Boche Island - Kumbalangi,kochi,Kerala,Hotel,3.0,4.1,,5855.0,,,1.0,1.0,1.0,1.0,1.0,0.0,1.0,1.0,0.0,1.0,0.0,0.0,0.0,0.0,0.0,google
Trident Hotel Cochin,kochi,Kerala,Hotel,5.0,4.5,,5406.0,,,1.0,1.0,1.0,1.0,1.0,1.0,1.0,1.0,0.0,0.0,0.0,0.0,0.0,0.0,0.0,google
"Nihara Resort & Spa, Kadamakudy Island, Kochi",kochi,Kerala,Hotel,4.0,4.3,,4692.0,,,1.0,1.0,1.0,1.0,1.0,0.0,1.0,1.0,0.0,0.0,0.0,0.0,0.0,0.0,1.0,google
Ayurjani Ayurvedics,kochi,Kerala,Hotel,,4.2,,896.0,,,0.0,1.0,0.0,1.0,0.0,0.0,0.0,0.0,0.0,0.0,0.0,0.0,0.0,0.0,0.0,google
Niko Hotels,kochi,Kerala,Hotel,3.0,4.6,,2073.0,,,1.0,1.0,0.0,1.0,1.0,0.0,0.0,1.0,0.0,0.0,0.0,0.0,0.0,1.0,1.0,google
Crowne Plaza Kochi,kochi,Kerala,Hotel,5.0,4.6,,8776.0,,,1.0,1.0,1.0,1.0,1.0,1.0,1.0,0.0,0.0,0.0,0.0,0.0,1.0,0.0,0.0,google
The Gateway Hotel Marine Drive Ernakulam,kochi,Kerala,Hotel,5.0,4.3,,7252.0,,,1.0,1.0,1.0,1.0,1.0,1.0,1.0,1.0,0.0,0.0,0.0,0.0,0.0,0.0,0.0,google
Napier Heritage Fort Kochi,kochi,Kerala,Hotel,,4.5,,3808.0,,,1.0,1.0,1.0,1.0,1.0,0.0,0.0,1.0,0.0,0.0,0.0,0.0,0.0,0.0,1.0,google
"Radisson Blu Hotel, Kochi",kochi,Kerala,Hotel,5.0,4.3,,6039.0,,,1.0,1.0,1.0,1.0,1.0,1.0,1.0,0.0,0.0,0.0,0.0,0.0,1.0,0.0,0.0,google
Maurya Rajadhani,trivandrum,Kerala,Hotel,4.0,4.0,,2812.0,,,1.0,1.0,0.0,1.0,1.0,1.0,1.0,0.0,1.0,0.0,0.0,0.0,1.0,0.0,0.0,google
"Biverah Hotel and Suites, 4-star hotels in Trivandrum, Medical college, kims hospital, hotels in trivandrum, budget hotel",trivandrum,Kerala,Hotel,4.0,3.8,,2898.0,,,1.0,1.0,0.0,1.0,1.0,0.0,0.0,1.0,1.0,0.0,0.0,0.0,0.0,0.0,1.0,google
Montecello Home Stay,trivandrum,Kerala,Hotel,,3.2,,643.0,,,1.0,1.0,0.0,0.0,0.0,0.0,0.0,0.0,0.0,1.0,1.0,0.0,0.0,0.0,0.0,google
HOTEL HIGHLAND,trivandrum,Kerala,Hotel,3.0,4.0,,1350.0,,,1.0,1.0,0.0,1.0,1.0,0.0,0.0,1.0,0.0,0.0,0.0,0.0,0.0,1.0,1.0,google
Ariya Nivaas - A Vegetarian Hotel,trivandrum,Kerala,Hotel,2.0,4.2,,2401.0,,,1.0,1.0,0.0,1.0,1.0,0.0,0.0,1.0,0.0,0.0,1.0,0.0,0.0,0.0,0.0,google
PLANET RESIDENCY,trivandrum,Kerala,Hotel,,4.5,,1263.0,,,1.0,1.0,0.0,1.0,1.0,0.0,0.0,0.0,0.0,0.0,0.0,0.0,0.0,0.0,0.0,google
Saras Park Inn,trivandrum,Kerala,Hotel,2.0,3.4,,875.0,,,0.0,0.0,0.0,1.0,0.0,0.0,0.0,0.0,0.0,0.0,1.0,0.0,0.0,0.0,0.0,google
Stayzone Royal INN,trivandrum,Kerala,Hotel,,3.7,,909.0,,,1.0,1.0,0.0,1.0,1.0,0.0,0.0,0.0,0.0,0.0,1.0,0.0,0.0,1.0,1.0,google
Hotel Prathiba Heritage,trivandrum,Kerala,Hotel,,3.7,,956.0,,,1.0,1.0,0.0,1.0,0.0,0.0,0.0,1.0,0.0,0.0,1.0,0.0,0.0,0.0,0.0,google
Adara Residency,trivandrum,Kerala,Hotel,,4.3,,1616.0,,,0.0,0.0,0.0,0.0,0.0,0.0,0.0,0.0,0.0,0.0,0.0,0.0,0.0,0.0,0.0,google
Hotel Venkateswara,trivandrum,Kerala,Hotel,3.0,3.7,,1347.0,,,1.0,1.0,0.0,1.0,1.0,0.0,0.0,1.0,0.0,0.0,0.0,0.0,0.0,0.0,1.0,google
Hilton Garden Inn Trivandrum,trivandrum,Kerala,Hotel,5.0,4.3,,6837.0,,,1.0,1.0,1.0,1.0,1.0,1.0,0.0,1.0,1.0,0.0,0.0,0.0,0.0,0.0,0.0,google
KTDC Grand Chaithram,trivandrum,Kerala,Hotel,3.0,4.1,,2509.0,,,1.0,1.0,0.0,1.0,1.0,0.0,0.0,1.0,0.0,0.0,0.0,0.0,0.0,0.0,1.0,google
Majestic Lodge,trivandrum,Kerala,Hotel,,4.1,,1236.0,,,1.0,1.0,0.0,0.0,1.0,0.0,0.0,0.0,0.0,0.0,0.0,0.0,0.0,0.0,0.0,google
Safire Residency,trivandrum,Kerala,Hotel,3.0,4.0,,1165.0,,,1.0,0.0,0.0,1.0,0.0,0.0,0.0,0.0,0.0,1.0,1.0,0.0,0.0,1.0,0.0,google
Hotel Sunday - Townhouse Club - Near Airport - Trivandrum,trivandrum,Kerala,Hotel,,3.7,,1120.0,,,1.0,1.0,0.0,0.0,1.0,0.0,0.0,0.0,0.0,0.0,0.0,0.0,0.0,1.0,0.0,google
Meghna Residency,trivandrum,Kerala,Hotel,3.0,3.6,,831.0,,,1.0,1.0,0.0,1.0,1.0,0.0,0.0,0.0,0.0,0.0,0.0,0.0,0.0,1.0,1.0,google
The South Gate By WB Hotels,trivandrum,Kerala,Hotel,,3.9,,2111.0,,,1.0,0.0,0.0,1.0,1.0,0.0,0.0,0.0,0.0,0.0,1.0,0.0,0.0,0.0,1.0,google
Anies Garden | Rooms in a Homestay,trivandrum,Kerala,Hotel,,4.3,,1645.0,,,1.0,1.0,0.0,1.0,0.0,0.0,0.0,0.0,0.0,0.0,0.0,0.0,0.0,0.0,0.0,google
Treebo Trend Goodland Residency,trivandrum,Kerala,Hotel,3.0,4.1,,4265.0,,,1.0,1.0,0.0,1.0,1.0,0.0,0.0,1.0,0.0,1.0,0.0,0.0,0.0,1.0,1.0,google
Windsor Rajadhani,trivandrum,Kerala,Hotel,4.0,4.1,,4341.0,,,1.0,1.0,1.0,1.0,1.0,1.0,1.0,0.0,0.0,0.0,0.0,0.0,1.0,0.0,0.0,google
Backwater Ripples,kumarakom,Kerala,Hotel,3.0,4.4,,8968.0,,,1.0,1.0,1.0,1.0,1.0,1.0,1.0,1.0,0.0,0.0,0.0,0.0,0.0,0.0,0.0,google
Lakesong Resort,kumarakom,Kerala,Hotel,4.0,4.2,,11948.0,,,1.0,1.0,1.0,1.0,1.0,1.0,1.0,1.0,0.0,0.0,0.0,0.0,0.0,0.0,0.0,google
Abad Whispering Palms | Resort in Kumarakom,kumarakom,Kerala,Hotel,4.0,4.3,,6921.0,,,1.0,1.0,1.0,1.0,1.0,1.0,1.0,1.0,0.0,0.0,0.0,0.0,0.0,0.0,0.0,google
Cocobay Resort,kumarakom,Kerala,Hotel,3.0,4.2,,6138.0,,,1.0,1.0,1.0,1.0,1.0,1.0,1.0,1.0,0.0,0.0,0.0,0.0,0.0,0.0,0.0,google
Paradise Resorts Kumarakom,kumarakom,Kerala,Hotel,3.0,4.1,,5148.0,,,1.0,1.0,1.0,1.0,1.0,0.0,1.0,1.0,0.0,0.0,0.0,0.0,0.0,1.0,0.0,google
"The Zuri Kumarakom, Kerala Resort & Spa",kumarakom,Kerala,Hotel,5.0,4.3,,13682.0,,,1.0,1.0,1.0,1.0,1.0,1.0,1.0,0.0,0.0,0.0,0.0,0.0,1.0,0.0,0.0,google
Saro Lake County,kumarakom,Kerala,Hotel,3.0,4.0,,2945.0,,,1.0,1.0,1.0,1.0,1.0,0.0,0.0,1.0,0.0,0.0,0.0,0.0,0.0,1.0,0.0,google
Kumarakom Heritage Resort & Ayurveda,kumarakom,Kerala,Hotel,3.0,4.1,,5355.0,,,1.0,1.0,1.0,1.0,1.0,0.0,1.0,1.0,1.0,0.0,0.0,0.0,0.0,0.0,0.0,google
Rhythm Kumarakom,kumarakom,Kerala,Hotel,5.0,4.5,,14712.0,,,1.0,1.0,1.0,1.0,1.0,1.0,1.0,1.0,0.0,0.0,0.0,0.0,0.0,0.0,0.0,google
Manor Backwater Resort,kumarakom,Kerala,Hotel,3.0,3.8,,3024.0,,,1.0,1.0,1.0,1.0,1.0,0.0,0.0,1.0,0.0,0.0,0.0,0.0,0.0,0.0,0.0,google
ILLIKKALAM Lakeside Cottages,kumarakom,Kerala,Hotel,3.0,4.1,,3549.0,,,1.0,1.0,0.0,1.0,1.0,0.0,0.0,1.0,0.0,1.0,0.0,0.0,0.0,0.0,1.0,google
KTDC Waterscapes,kumarakom,Kerala,Hotel,4.0,4.5,,10560.0,,,1.0,1.0,1.0,1.0,1.0,1.0,1.0,0.0,1.0,0.0,0.0,0.0,0.0,0.0,0.0,google
Backwater Brook,kumarakom,Kerala,Hotel,,4.7,,5063.0,,,1.0,0.0,1.0,0.0,1.0,0.0,0.0,1.0,0.0,0.0,1.0,0.0,0.0,0.0,0.0,google
Gokulam Grand Resort and Spa Kumarakom,kumarakom,Kerala,Hotel,,4.7,,14059.0,,,1.0,1.0,1.0,1.0,1.0,1.0,1.0,1.0,0.0,0.0,0.0,0.0,0.0,0.0,1.0,google
Backwater Ripples,kumarakom,Kerala,Hotel,3.0,4.4,,8961.0,,,1.0,1.0,1.0,1.0,1.0,1.0,1.0,1.0,0.0,0.0,0.0,0.0,0.0,0.0,0.0,google
Lily Pad on the Vembanad,kumarakom,Kerala,Hotel,3.0,4.2,,6160.0,,,1.0,1.0,1.0,1.0,1.0,0.0,1.0,1.0,0.0,0.0,0.0,0.0,0.0,0.0,1.0,google
Kumarakom Lake Resort,kumarakom,Kerala,Hotel,5.0,4.8,,30267.0,,,1.0,1.0,1.0,1.0,1.0,1.0,1.0,0.0,0.0,0.0,0.0,0.0,1.0,0.0,0.0,google
Renai Green Fields,kumarakom,Kerala,Hotel,3.0,3.8,,2849.0,,,1.0,1.0,1.0,1.0,1.0,1.0,0.0,1.0,0.0,0.0,0.0,0.0,0.0,0.0,1.0,google
Kumarakom Park Resort,kumarakom,Kerala,Hotel,,4.3,,6726.0,,,1.0,1.0,1.0,1.0,1.0,0.0,0.0,1.0,1.0,0.0,0.0,0.0,0.0,0.0,1.0,google
Meenakshi River Villa | Rooms & Wi-Fi,kumarakom,Kerala,Hotel,,4.5,,3488.0,,,1.0,1.0,0.0,1.0,0.0,0.0,0.0,0.0,0.0,0.0,0.0,0.0,0.0,0.0,0.0,google
Kumarakom Wood Castle,kumarakom,Kerala,Hotel,,4.4,,2861.0,,,1.0,1.0,0.0,1.0,0.0,0.0,0.0,0.0,0.0,0.0,0.0,0.0,0.0,0.0,0.0,google
Abad Whispering Palms | Resort in Kumarakom,kumarakom,Kerala,Hotel,4.0,4.3,,7999.0,,,1.0,1.0,1.0,1.0,1.0,1.0,1.0,1.0,0.0,0.0,0.0,0.0,0.0,0.0,0.0,google
ILLIKKALAM Lakeside Cottages,kumarakom,Kerala,Hotel,3.0,4.1,,3724.0,,,1.0,1.0,0.0,1.0,1.0,0.0,0.0,1.0,0.0,1.0,0.0,0.0,0.0,0.0,1.0,google
Treebo Trend Kuval Inn,pune,Maharashtra,Hotel,,4.2,,2084.0,,,1.0,1.0,1.0,1.0,1.0,0.0,0.0,0.0,0.0,0.0,1.0,0.0,0.0,0.0,0.0,google
Hotel Corporate Stay,pune,Maharashtra,Hotel,3.0,4.0,,2123.0,,,1.0,1.0,0.0,1.0,1.0,0.0,0.0,1.0,0.0,0.0,0.0,0.0,0.0,1.0,1.0,google
Jugglers Backpack,pune,Maharashtra,Hotel,,4.7,,1116.0,,,1.0,1.0,0.0,1.0,1.0,0.0,0.0,0.0,0.0,0.0,0.0,0.0,0.0,1.0,1.0,google
Hyatt Pune,pune,Maharashtra,Hotel,5.0,4.4,,9701.0,,,1.0,1.0,1.0,1.0,1.0,1.0,1.0,0.0,1.0,0.0,0.0,0.0,0.0,0.0,0.0,google
"The Central Park Hotel, Pune",pune,Maharashtra,Hotel,4.0,4.1,,3708.0,,,1.0,1.0,1.0,1.0,1.0,1.0,1.0,1.0,0.0,0.0,0.0,0.0,0.0,0.0,0.0,google
"Four Points by Sheraton Hotel & Serviced Apartments, Pune",pune,Maharashtra,Hotel,5.0,4.3,,6796.0,,,1.0,1.0,1.0,1.0,1.0,1.0,1.0,0.0,1.0,0.0,0.0,0.0,0.0,0.0,0.0,google
Hotel Phoenix,pune,Maharashtra,Hotel,3.0,4.0,,2752.0,,,1.0,1.0,0.0,1.0,1.0,0.0,0.0,1.0,0.0,0.0,0.0,0.0,0.0,1.0,1.0,google
Hotel anvisha executive,pune,Maharashtra,Hotel,,4.4,,1067.0,,,0.0,0.0,0.0,0.0,0.0,0.0,0.0,0.0,0.0,0.0,0.0,0.0,0.0,0.0,0.0,google
EMA Family Rooms,pune,Maharashtra,Hotel,,3.8,,1241.0,,,1.0,1.0,0.0,1.0,0.0,0.0,0.0,0.0,0.0,0.0,0.0,0.0,0.0,0.0,0.0,google
JM Four Hotel,pune,Maharashtra,Hotel,3.0,3.9,,2550.0,,,1.0,1.0,0.0,1.0,1.0,0.0,0.0,1.0,0.0,0.0,0.0,0.0,0.0,1.0,1.0,google
Royal Orchid Central Pune,pune,Maharashtra,Hotel,4.0,4.3,,5085.0,,,1.0,1.0,1.0,1.0,1.0,1.0,0.0,1.0,1.0,0.0,0.0,0.0,0.0,0.0,0.0,google
"StayBird - B Suite, Business Hotel",pune,Maharashtra,Hotel,3.0,4.0,,2512.0,,,1.0,1.0,0.0,1.0,1.0,0.0,0.0,1.0,0.0,0.0,0.0,0.0,0.0,1.0,1.0,google
Hotel Sardar,pune,Maharashtra,Hotel,3.0,3.5,,1344.0,,,1.0,1.0,0.0,1.0,0.0,0.0,0.0,1.0,0.0,0.0,1.0,0.0,0.0,0.0,1.0,google
Sunny's World,pune,Maharashtra,Hotel,,4.2,,4549.0,,,1.0,1.0,1.0,1.0,1.0,0.0,0.0,1.0,0.0,0.0,0.0,0.0,0.0,0.0,0.0,google
Procida Hostel by Zero Jhanjhat,pune,Maharashtra,Hotel,,4.4,,921.0,,,1.0,0.0,1.0,0.0,1.0,0.0,0.0,1.0,0.0,0.0,0.0,0.0,0.0,0.0,0.0,google
The Oakwood,pune,Maharashtra,Hotel,4.0,4.0,,3333.0,,,1.0,1.0,0.0,1.0,1.0,0.0,0.0,1.0,0.0,0.0,0.0,0.0,0.0,0.0,1.0,google
Sheraton Grand Pune Bund Garden Hotel,pune,Maharashtra,Hotel,5.0,4.5,,9435.0,,,1.0,1.0,1.0,1.0,1.0,1.0,1.0,0.0,0.0,0.0,0.0,0.0,1.0,0.0,0.0,google
Pratikruti The Lakeview Resort,pune,Maharashtra,Hotel,3.0,4.2,,1284.0,,,1.0,1.0,1.0,1.0,1.0,0.0,0.0,1.0,0.0,1.0,0.0,0.0,0.0,0.0,1.0,google
Hotel Centro,pune,Maharashtra,Hotel,,4.4,,2607.0,,,1.0,1.0,0.0,1.0,1.0,0.0,0.0,1.0,0.0,0.0,1.0,0.0,0.0,0.0,1.0,google
St Laurn Hotel,pune,Maharashtra,Hotel,4.0,3.9,,4381.0,,,1.0,1.0,1.0,1.0,1.0,0.0,0.0,1.0,1.0,0.0,0.0,0.0,0.0,0.0,1.0,google
Cherry Tree | Rooms & Wi-Fi,pune,Maharashtra,Hotel,,3.6,,1588.0,,,1.0,1.0,0.0,1.0,0.0,0.0,0.0,0.0,0.0,0.0,0.0,0.0,0.0,0.0,0.0,google
Fairfield by Marriott Pune Kharadi,pune,Maharashtra,Hotel,4.0,4.3,,7280.0,,,1.0,1.0,0.0,1.0,1.0,1.0,0.0,1.0,1.0,0.0,0.0,0.0,0.0,0.0,1.0,google
Sunny's World,pune,Maharashtra,Hotel,,4.2,,4549.0,,,1.0,1.0,1.0,1.0,1.0,0.0,0.0,1.0,0.0,0.0,0.0,0.0,0.0,0.0,0.0,google
Novotel Chennai Sipcot,chennai,Tamil Nadu,Hotel,5.0,4.7,,5145.0,,,1.0,1.0,1.0,1.0,1.0,1.0,0.0,1.0,1.0,0.0,0.0,0.0,0.0,0.0,0.0,google
Park Plaza Chennai OMR,chennai,Tamil Nadu,Hotel,5.0,4.1,,4704.0,,,1.0,1.0,1.0,1.0,1.0,1.0,1.0,0.0,1.0,0.0,0.0,0.0,0.0,0.0,0.0,google
Avenue 11 Boutique Residences | Rooms & Caretaker,chennai,Tamil Nadu,Hotel,,4.0,,3853.0,,,1.0,1.0,0.0,1.0,0.0,0.0,0.0,0.0,0.0,0.0,0.0,0.0,0.0,0.0,0.0,google
"Olive Inn Luxurious 4-BHK Villa with Indoor Swimming Pool, Wifi, BBQ",chennai,Tamil Nadu,Villa,,3.4,,9753.0,,,0.0,1.0,1.0,1.0,0.0,0.0,0.0,0.0,0.0,0.0,0.0,0.0,0.0,0.0,0.0,google
Juhu Beach House ECR,chennai,Tamil Nadu,Hotel,,4.5,,4965.0,,,1.0,1.0,1.0,1.0,0.0,0.0,0.0,0.0,0.0,0.0,0.0,0.0,0.0,0.0,0.0,google
Umino Beach Resort Banquet Hall and Restaurant,chennai,Tamil Nadu,Hotel,,4.3,,3677.0,,,1.0,1.0,1.0,1.0,1.0,0.0,0.0,1.0,0.0,0.0,0.0,0.0,0.0,0.0,1.0,google
VGP Golden Beach Resort,chennai,Tamil Nadu,Hotel,2.0,3.9,,4267.0,,,1.0,1.0,1.0,1.0,1.0,0.0,1.0,0.0,0.0,0.0,0.0,0.0,1.0,0.0,0.0,google
"Regenta Central RS, Chennai(OMR). 4 Star Hotel",chennai,Tamil Nadu,Hotel,,4.2,,3366.0,,,1.0,1.0,1.0,1.0,1.0,1.0,0.0,1.0,1.0,0.0,0.0,0.0,0.0,0.0,1.0,google
Turyaa Chennai,chennai,Tamil Nadu,Hotel,5.0,4.3,,3797.0,,,1.0,1.0,1.0,1.0,1.0,1.0,1.0,0.0,1.0,0.0,0.0,0.0,0.0,0.0,0.0,google
Blue Lagoon Beach Resort,chennai,Tamil Nadu,Hotel,3.0,3.9,,6402.0,,,1.0,1.0,1.0,1.0,1.0,0.0,0.0,1.0,0.0,0.0,0.0,0.0,0.0,0.0,1.0,google
Fairfield by Marriott Chennai OMR,chennai,Tamil Nadu,Hotel,4.0,4.2,,3707.0,,,1.0,1.0,0.0,1.0,1.0,1.0,0.0,1.0,1.0,0.0,0.0,0.0,0.0,0.0,1.0,google
Four Points by Sheraton Chennai OMR,chennai,Tamil Nadu,Hotel,4.0,4.2,,5053.0,,,1.0,1.0,1.0,1.0,1.0,1.0,0.0,1.0,0.0,0.0,0.0,0.0,0.0,0.0,1.0,google
"Taj Club House, Chennai",chennai,Tamil Nadu,Hotel,5.0,4.4,,7552.0,,,1.0,1.0,1.0,1.0,1.0,1.0,1.0,0.0,0.0,1.0,0.0,0.0,0.0,0.0,0.0,google
"Vivanta Chennai, IT Expressway",chennai,Tamil Nadu,Hotel,5.0,4.3,,5485.0,,,1.0,1.0,1.0,1.0,1.0,1.0,1.0,0.0,0.0,1.0,0.0,0.0,0.0,0.0,0.0,google
Ilara Hotels & Spa,chennai,Tamil Nadu,Hotel,3.0,4.6,,4234.0,,,1.0,1.0,1.0,1.0,1.0,0.0,1.0,1.0,0.0,0.0,0.0,0.0,0.0,0.0,1.0,google
Maroma Suites,chennai,Tamil Nadu,Hotel,,4.5,,3795.0,,,1.0,1.0,1.0,1.0,1.0,0.0,0.0,1.0,0.0,0.0,0.0,0.0,0.0,1.0,0.0,google
The Madras Grand - Hotel Egmore,chennai,Tamil Nadu,Hotel,,4.5,,4974.0,,,1.0,1.0,0.0,1.0,1.0,1.0,0.0,1.0,0.0,0.0,0.0,0.0,0.0,1.0,1.0,google
"Holiday Inn Express Chennai Omr Thoraipakkam, an IHG Hotel",chennai,Tamil Nadu,Hotel,2.0,4.1,,3859.0,,,1.0,1.0,0.0,1.0,1.0,1.0,0.0,1.0,0.0,0.0,0.0,0.0,0.0,1.0,1.0,google
"Crowne Plaza New Delhi Rohini, an IHG Hotel",delhi,Delhi,Hotel,4.0,4.4,,7825.0,,,1.0,1.0,1.0,1.0,1.0,1.0,1.0,0.0,0.0,0.0,0.0,0.0,1.0,0.0,0.0,google
ट्राइडेंट होटल,delhi,Delhi,Hotel,5.0,4.6,,12272.0,,,1.0,1.0,1.0,1.0,1.0,1.0,1.0,0.0,0.0,0.0,0.0,0.0,1.0,0.0,0.0,google
Nu Delhi Homestay - Deluxe Double Room,delhi,Delhi,House,,4.6,,1999.0,,,0.0,0.0,0.0,1.0,0.0,1.0,0.0,0.0,0.0,0.0,0.0,0.0,0.0,0.0,0.0,google
The Leela Ambience Convention Hotel Delhi,delhi,Delhi,Hotel,5.0,4.5,,9809.0,,,1.0,1.0,1.0,1.0,1.0,1.0,1.0,0.0,0.0,0.0,0.0,0.0,1.0,0.0,0.0,google
Hotel City Park- Hotels in Delhi,delhi,Delhi,Hotel,4.0,4.2,,5376.0,,,1.0,1.0,1.0,1.0,1.0,1.0,1.0,0.0,0.0,0.0,0.0,0.0,1.0,0.0,0.0,google
Hotel Mayda Residency By Mayda Hospitality Pvt. Ltd.,delhi,Delhi,Hotel,,4.6,,1212.0,,,1.0,1.0,0.0,1.0,1.0,0.0,0.0,1.0,0.0,0.0,0.0,0.0,0.0,1.0,1.0,google
JRD Pride,delhi,Delhi,Hotel,3.0,4.4,,4720.0,,,1.0,1.0,0.0,1.0,1.0,0.0,0.0,1.0,0.0,0.0,0.0,0.0,0.0,1.0,1.0,google
Radisson Blu Hotel New Delhi Paschim Vihar,delhi,Delhi,Hotel,5.0,4.4,,7285.0,,,1.0,1.0,1.0,1.0,1.0,1.0,1.0,0.0,1.0,0.0,0.0,0.0,0.0,0.0,0.0,google
IIDL Suites,delhi,Delhi,Hotel,5.0,4.3,,5720.0,,,1.0,1.0,1.0,1.0,1.0,1.0,1.0,0.0,0.0,0.0,0.0,0.0,1.0,0.0,0.0,google
Park Inn by Radisson New Delhi IP Extension,delhi,Delhi,Hotel,4.0,4.3,,6828.0,,,1.0,1.0,1.0,1.0,1.0,1.0,0.0,1.0,1.0,0.0,0.0,0.0,0.0,0.0,0.0,google
IIDL Suites,delhi,Delhi,Apartment,,3.8,,6163.0,,,0.0,0.0,0.0,1.0,0.0,1.0,0.0,0.0,0.0,0.0,0.0,0.0,1.0,1.0,0.0,google
"Welcomhotel By ITC Hotels, Dwarka, New Delhi - Contemporary Hotel in the Capital | Ideal for Business & Leisure Travellers",delhi,Delhi,Hotel,5.0,4.5,,8141.0,,,1.0,1.0,1.0,1.0,1.0,1.0,1.0,0.0,1.0,0.0,0.0,0.0,0.0,0.0,0.0,google
Sarovar Portico Naraina,delhi,Delhi,Hotel,3.0,3.9,,4536.0,,,1.0,1.0,0.0,1.0,1.0,0.0,0.0,1.0,0.0,0.0,0.0,0.0,0.0,1.0,1.0,google
Hyatt Centric Janakpuri New Delhi,delhi,Delhi,Hotel,5.0,3.8,,7484.0,,,1.0,1.0,1.0,1.0,1.0,1.0,1.0,0.0,1.0,0.0,0.0,0.0,0.0,0.0,0.0,google
"Taj Palace, New Delhi",delhi,Delhi,Hotel,5.0,4.7,,15050.0,,,1.0,1.0,1.0,1.0,1.0,1.0,1.0,0.0,0.0,0.0,0.0,0.0,1.0,0.0,0.0,google
The Pamposh,delhi,Delhi,Hotel,3.0,3.7,,3931.0,,,1.0,0.0,0.0,1.0,1.0,0.0,0.0,1.0,0.0,0.0,1.0,0.0,0.0,0.0,0.0,google
Caves by Craftels,delhi,Delhi,Hotel,,4.7,,5040.0,,,1.0,1.0,1.0,1.0,1.0,0.0,1.0,1.0,0.0,0.0,0.0,0.0,1.0,0.0,1.0,google
Bloomrooms @ Janpath,delhi,Delhi,Hotel,3.0,4.4,,6451.0,,,1.0,1.0,0.0,1.0,1.0,1.0,0.0,1.0,0.0,0.0,0.0,0.0,0.0,0.0,1.0,google
Ramada by Wyndham New Delhi Pitampura,delhi,Delhi,Hotel,4.0,3.9,,6305.0,,,1.0,1.0,0.0,1.0,1.0,1.0,0.0,1.0,0.0,0.0,0.0,0.0,0.0,0.0,1.0,google
Bloom Boutique | GK-1,delhi,Delhi,Hotel,3.0,4.2,,4659.0,,,1.0,1.0,0.0,1.0,1.0,0.0,0.0,1.0,0.0,0.0,0.0,0.0,0.0,0.0,1.0,google
The Grand Parisian,delhi,Delhi,Hotel,3.0,4.2,,4673.0,,,1.0,0.0,0.0,1.0,1.0,0.0,0.0,1.0,0.0,0.0,1.0,0.0,0.0,0.0,1.0,google
amigosindia,delhi,Delhi,Hotel,1.0,4.5,,706.0,,,1.0,1.0,0.0,1.0,1.0,0.0,0.0,1.0,0.0,1.0,0.0,0.0,0.0,1.0,0.0,google
Holiday Inn Express New Delhi Int'l Airport T3,delhi,Delhi,Hotel,3.0,4.2,,14081.0,,,1.0,1.0,0.0,1.0,1.0,1.0,1.0,1.0,1.0,0.0,0.0,0.0,0.0,0.0,0.0,google
"Welcomhotel By ITC Hotels, Dwarka, New Delhi - Contemporary Hotel in the Capital | Ideal for Business & Leisure Travellers",delhi,Delhi,Hotel,5.0,4.5,,10195.0,,,1.0,1.0,1.0,1.0,1.0,1.0,1.0,0.0,1.0,0.0,0.0,0.0,0.0,0.0,0.0,google
Treebo Trend Lazystay Grand - Hotel in Bhubaneswar,bhubaneswar,Odisha,Hotel,,4.1,,2920.0,,,1.0,1.0,1.0,0.0,1.0,0.0,0.0,1.0,0.0,0.0,0.0,0.0,0.0,0.0,1.0,google
"MAYFAIR Convention, Bhubaneswar",bhubaneswar,Odisha,Hotel,4.0,4.5,,6476.0,,,1.0,1.0,0.0,1.0,1.0,1.0,1.0,0.0,1.0,0.0,0.0,0.0,1.0,0.0,0.0,google
Hello Stay Hotel Bhubaneswar,bhubaneswar,Odisha,Hotel,,4.2,,1231.0,,,1.0,1.0,0.0,1.0,1.0,0.0,0.0,0.0,0.0,0.0,1.0,0.0,0.0,1.0,0.0,google
Hotel SJ Pride,bhubaneswar,Odisha,Hotel,2.0,4.8,,1239.0,,,1.0,0.0,1.0,0.0,0.0,0.0,0.0,1.0,0.0,0.0,0.0,0.0,0.0,1.0,0.0,google
Empires Hotel Bhubaneswar,bhubaneswar,Odisha,Hotel,3.0,4.1,,3646.0,,,1.0,1.0,1.0,1.0,1.0,1.0,1.0,0.0,1.0,0.0,0.0,0.0,0.0,0.0,0.0,google
"MAYFAIR Convention, Bhubaneswar",bhubaneswar,Odisha,Hotel,4.0,4.5,,5975.0,,,1.0,1.0,0.0,1.0,1.0,1.0,1.0,0.0,1.0,0.0,0.0,0.0,1.0,0.0,0.0,google
"Mango Hotels–Prangan, Bhubaneswar",bhubaneswar,Odisha,Hotel,3.0,4.1,,3126.0,,,1.0,1.0,0.0,1.0,1.0,0.0,0.0,1.0,0.0,0.0,0.0,0.0,0.0,1.0,1.0,google
Mayfair Lagoon,bhubaneswar,Odisha,Hotel,5.0,4.6,,10779.0,,,1.0,1.0,1.0,1.0,1.0,1.0,1.0,0.0,0.0,0.0,0.0,0.0,1.0,0.0,0.0,google
Venus Inn Restaurant,bhubaneswar,Odisha,Hotel,4.0,4.1,,1948.0,,,1.0,0.0,0.0,1.0,1.0,0.0,0.0,1.0,0.0,0.0,1.0,0.0,0.0,1.0,1.0,google
Ginger Bhubaneshwar,bhubaneswar,Odisha,Hotel,2.0,3.9,,2959.0,,,1.0,1.0,0.0,1.0,1.0,1.0,0.0,0.0,0.0,0.0,1.0,0.0,0.0,0.0,0.0,google
THE GREENSTAR INN PREMIUM,bhubaneswar,Odisha,Hotel,,4.6,,1512.0,,,1.0,1.0,1.0,1.0,1.0,0.0,0.0,1.0,0.0,0.0,0.0,0.0,0.0,0.0,1.0,google
IRA By Orchid Bhubaneswar ( Formerly Vits Bhubaneswar ),bhubaneswar,Odisha,Hotel,4.0,4.1,,3782.0,,,1.0,1.0,1.0,1.0,1.0,1.0,0.0,1.0,0.0,0.0,0.0,0.0,0.0,0.0,1.0,google
Swosti Premium - Luxury 5-Star Hotel in Bhubaneswar,bhubaneswar,Odisha,Hotel,5.0,4.3,,6215.0,,,1.0,1.0,1.0,1.0,1.0,1.0,0.0,1.0,1.0,0.0,0.0,0.0,0.0,0.0,0.0,google
"Vivanta Bhubaneswar, DN Square",bhubaneswar,Odisha,Hotel,5.0,4.6,,9089.0,,,1.0,1.0,1.0,1.0,1.0,1.0,1.0,0.0,0.0,1.0,0.0,0.0,0.0,0.0,0.0,google
"Welcomhotel By ITC Hotels, Bhubaneswar-LEED Platinum Certified Premium Hotel Near the Airport| 1.5 hrs away from Puri",bhubaneswar,Odisha,Hotel,4.0,4.7,,7616.0,,,1.0,1.0,1.0,1.0,1.0,1.0,1.0,0.0,1.0,0.0,0.0,0.0,0.0,0.0,0.0,google
Hotel Excellency (A Unit of Excellency Resorts Pvt. Ltd.),bhubaneswar,Odisha,Hotel,4.0,4.1,,3395.0,,,1.0,1.0,1.0,1.0,1.0,1.0,0.0,1.0,1.0,0.0,0.0,0.0,0.0,0.0,0.0,google
Super OYO Townhouse 235 Swain Heritage,bhubaneswar,Odisha,Apartment,,4.4,,2044.0,,,1.0,0.0,0.0,1.0,0.0,0.0,0.0,0.0,0.0,0.0,0.0,0.0,0.0,0.0,0.0,google
Treebo Trend Oasis,bhubaneswar,Odisha,Hotel,3.0,4.2,,2854.0,,,1.0,1.0,1.0,1.0,1.0,0.0,0.0,1.0,0.0,0.0,0.0,0.0,0.0,0.0,0.0,google
IRA By Orchid Bhubaneswar ( Formerly Vits Bhubaneswar ),bhubaneswar,Odisha,Hotel,4.0,4.1,,4367.0,,,1.0,1.0,1.0,1.0,1.0,1.0,0.0,1.0,0.0,0.0,0.0,0.0,0.0,0.0,1.0,google
The Westin Goa,goa,Goa,Hotel,5.0,4.6,,20650.0,,,1.0,1.0,1.0,1.0,1.0,1.0,1.0,0.0,1.0,0.0,0.0,0.0,0.0,0.0,0.0,google
The LaLiT Golf & Spa Resort Goa,goa,Goa,Hotel,5.0,4.4,,16756.0,,,1.0,1.0,1.0,1.0,1.0,1.0,1.0,0.0,0.0,0.0,0.0,0.0,1.0,0.0,0.0,google
Casa Seaesta Beach Cottages and Suites,goa,Goa,Hotel,,3.6,,2466.0,,,1.0,1.0,1.0,1.0,0.0,0.0,0.0,0.0,0.0,0.0,0.0,0.0,0.0,1.0,0.0,google
Radisson Resort Goa Baga,goa,Goa,Hotel,4.0,4.8,,4397.0,,,1.0,1.0,1.0,1.0,1.0,1.0,1.0,0.0,0.0,0.0,0.0,0.0,1.0,0.0,0.0,google
W Goa,goa,Goa,Hotel,5.0,4.5,,7435.0,,,1.0,1.0,1.0,1.0,1.0,1.0,1.0,0.0,0.0,1.0,0.0,0.0,0.0,0.0,0.0,google
"The Hosteller Goa, Arpora",goa,Goa,Hotel,,4.3,,1157.0,,,1.0,1.0,1.0,1.0,1.0,0.0,0.0,1.0,0.0,0.0,0.0,0.0,0.0,0.0,0.0,google
Grand Hyatt Goa,goa,Goa,Hotel,5.0,4.6,,20307.0,,,1.0,1.0,1.0,1.0,1.0,1.0,1.0,0.0,0.0,0.0,0.0,0.0,1.0,0.0,0.0,google
Little India Beach Cottages,goa,Goa,House,,4.0,,6947.0,,,1.0,1.0,1.0,1.0,0.0,0.0,0.0,0.0,0.0,0.0,0.0,0.0,0.0,0.0,0.0,google
"Holiday Inn Resort Goa, an IHG Hotel",goa,Goa,Hotel,5.0,4.6,,11934.0,,,1.0,1.0,1.0,1.0,1.0,1.0,1.0,0.0,0.0,0.0,0.0,0.0,0.0,0.0,0.0,google
Agonda Paradise Beach Huts,goa,Goa,Hotel,,4.2,,4200.0,,,1.0,1.0,0.0,1.0,0.0,0.0,0.0,0.0,0.0,0.0,0.0,0.0,0.0,0.0,0.0,google
Pitruchaya Sea View Cottages by Vyom Trails,goa,Goa,Hotel,,4.1,,1617.0,,,0.0,0.0,0.0,0.0,0.0,0.0,0.0,0.0,0.0,0.0,0.0,0.0,0.0,0.0,0.0,google
The LaLiT Golf & Spa Resort Goa,goa,Goa,Hotel,5.0,4.4,,11855.0,,,1.0,1.0,1.0,1.0,1.0,1.0,1.0,0.0,0.0,0.0,0.0,0.0,1.0,0.0,0.0,google
"Whoopers Boutique Hotel, Anjuna",goa,Goa,Hotel,,4.9,,1612.0,,,0.0,0.0,0.0,0.0,0.0,0.0,0.0,0.0,0.0,0.0,0.0,0.0,0.0,0.0,0.0,google
"The Hosteller Goa, Candolim",goa,Goa,Hotel,,4.7,,1315.0,,,1.0,1.0,1.0,1.0,1.0,0.0,0.0,0.0,0.0,0.0,0.0,0.0,0.0,0.0,0.0,google
Tropical Bay,goa,Goa,Hotel,,3.8,,1344.0,,,1.0,1.0,0.0,1.0,1.0,0.0,0.0,0.0,1.0,1.0,1.0,0.0,0.0,0.0,0.0,google
Cola Goa Beach Resort,goa,Goa,Hotel,,4.3,,12744.0,,,1.0,1.0,1.0,1.0,1.0,0.0,1.0,0.0,1.0,0.0,0.0,0.0,1.0,0.0,0.0,google
Blue Lagoon Resort | Room & Restaurant,goa,Goa,Villa,,3.9,,4487.0,,,1.0,1.0,0.0,0.0,0.0,0.0,0.0,0.0,0.0,0.0,0.0,0.0,0.0,0.0,0.0,google
Radisson Blu Resort Goa Cavelossim Beach,goa,Goa,Hotel,5.0,4.4,,15898.0,,,1.0,1.0,1.0,1.0,1.0,1.0,1.0,0.0,0.0,0.0,0.0,0.0,1.0,0.0,0.0,google
"Vivanta Goa, Miramar",goa,Goa,Hotel,5.0,4.5,,11788.0,,,1.0,1.0,1.0,0.0,1.0,1.0,0.0,1.0,0.0,1.0,0.0,0.0,0.0,0.0,1.0,google
Mayfair on Sea,goa,Goa,Hotel,,4.5,,10620.0,,,0.0,0.0,0.0,0.0,0.0,0.0,0.0,0.0,0.0,0.0,0.0,0.0,0.0,0.0,0.0,google
"The Zuri White Sands, Goa Resort & Casino",goa,Goa,Hotel,5.0,4.4,,16795.0,,,1.0,1.0,1.0,1.0,1.0,1.0,1.0,0.0,0.0,0.0,0.0,0.0,1.0,0.0,0.0,google
The Queeny,goa,Goa,Hotel,3.0,3.4,,1435.0,,,1.0,1.0,1.0,1.0,1.0,1.0,0.0,1.0,0.0,0.0,0.0,0.0,0.0,0.0,1.0,google
"Holiday Inn Goa Candolim, an IHG Hotel",goa,Goa,Hotel,5.0,4.7,,15503.0,,,1.0,1.0,1.0,1.0,1.0,1.0,0.0,1.0,0.0,0.0,0.0,0.0,0.0,0.0,1.0,google
"Taj Holiday Village Resort and Spa, Goa",goa,Goa,Hotel,5.0,4.7,,26550.0,,,1.0,1.0,1.0,1.0,1.0,1.0,1.0,0.0,0.0,0.0,0.0,0.0,1.0,0.0,0.0,google
ibis Mumbai Vikhroli,mumbai,Maharashtra,Hotel,,4.5,,7392.0,,,1.0,1.0,0.0,1.0,1.0,1.0,0.0,1.0,0.0,1.0,0.0,0.0,0.0,1.0,1.0,google
The Lalit Mumbai,mumbai,Maharashtra,Hotel,5.0,4.4,,14278.0,,,1.0,1.0,1.0,1.0,1.0,1.0,1.0,0.0,0.0,0.0,0.0,0.0,1.0,0.0,0.0,google
JW Marriott Mumbai Juhu,mumbai,Maharashtra,Hotel,5.0,4.6,,5725.0,,,1.0,1.0,1.0,1.0,1.0,1.0,1.0,0.0,0.0,0.0,0.0,0.0,0.0,0.0,0.0,google
Empire Royale Hotel,mumbai,Maharashtra,Hotel,3.0,4.4,,1582.0,,,1.0,1.0,1.0,0.0,1.0,0.0,0.0,1.0,0.0,0.0,0.0,0.0,0.0,0.0,0.0,google
"The Taj Mahal Palace, Mumbai",mumbai,Maharashtra,Hotel,5.0,4.7,,33021.0,,,1.0,1.0,1.0,1.0,1.0,1.0,1.0,0.0,0.0,0.0,0.0,0.0,1.0,0.0,0.0,google
Grand Hyatt Mumbai Hotel & Residences,mumbai,Maharashtra,Hotel,5.0,4.5,,14025.0,,,1.0,1.0,1.0,1.0,1.0,1.0,0.0,0.0,0.0,1.0,0.0,0.0,1.0,0.0,0.0,google
Shahana Guest House,mumbai,Maharashtra,Hotel,2.0,3.1,,635.0,,,1.0,0.0,0.0,1.0,1.0,0.0,0.0,0.0,0.0,0.0,0.0,0.0,0.0,0.0,0.0,google
SAINA RESORT,mumbai,Maharashtra,Hotel,3.0,3.6,,5082.0,,,1.0,1.0,1.0,1.0,1.0,0.0,0.0,1.0,0.0,0.0,1.0,0.0,0.0,0.0,0.0,google
Stay Villa Dormitory (for Male and Female),mumbai,Maharashtra,Bungalow,,5.0,,952.0,,,0.0,0.0,0.0,1.0,0.0,0.0,0.0,0.0,0.0,0.0,1.0,0.0,0.0,0.0,0.0,google
Hotel Milan International,mumbai,Maharashtra,Hotel,,3.9,,1389.0,,,1.0,1.0,0.0,1.0,1.0,0.0,0.0,1.0,0.0,0.0,0.0,0.0,0.0,1.0,1.0,google
Gagal Home BKC Suite | Rooms & Caretaker,mumbai,Maharashtra,Hotel,,3.7,,4208.0,,,1.0,1.0,0.0,1.0,0.0,0.0,0.0,0.0,0.0,0.0,0.0,0.0,0.0,0.0,0.0,google
Qubestay Airport Capsule Hotel And Hostel,mumbai,Maharashtra,Hotel,,4.1,,1334.0,,,1.0,0.0,0.0,1.0,1.0,0.0,0.0,1.0,0.0,0.0,1.0,0.0,0.0,0.0,0.0,google
"Ginger Mumbai, Goregaon",mumbai,Maharashtra,Hotel,,4.0,,4031.0,,,1.0,1.0,1.0,1.0,1.0,0.0,0.0,1.0,0.0,0.0,0.0,0.0,0.0,0.0,1.0,google
The Lalit Mumbai,mumbai,Maharashtra,Hotel,5.0,4.4,,11101.0,,,1.0,1.0,1.0,1.0,1.0,1.0,1.0,0.0,0.0,0.0,0.0,0.0,1.0,0.0,0.0,google
Royal Palms Villas with Private Pool,mumbai,Maharashtra,Hotel,,4.0,,20536.0,,,1.0,1.0,1.0,0.0,0.0,0.0,1.0,0.0,0.0,0.0,0.0,0.0,0.0,0.0,0.0,google
The Leela Mumbai - Resort Style Business Hotel,mumbai,Maharashtra,Hotel,5.0,4.5,,11210.0,,,1.0,1.0,1.0,1.0,1.0,1.0,1.0,0.0,0.0,0.0,0.0,0.0,1.0,0.0,0.0,google
Hotel Nest N Rest - Mumbai,mumbai,Maharashtra,Hotel,,4.4,,1116.0,,,0.0,0.0,1.0,1.0,0.0,0.0,0.0,1.0,0.0,0.0,0.0,0.0,0.0,0.0,1.0,google
Novotel Mumbai Juhu Beach,mumbai,Maharashtra,Hotel,5.0,4.3,,11785.0,,,1.0,1.0,1.0,1.0,1.0,1.0,0.0,0.0,0.0,1.0,0.0,0.0,0.0,0.0,0.0,google
Airport inn residency,mumbai,Maharashtra,Hotel,3.0,3.7,,1109.0,,,1.0,1.0,0.0,1.0,1.0,0.0,0.0,1.0,0.0,0.0,0.0,0.0,0.0,1.0,1.0,google
Courtyard by Marriott Mumbai International Airport,mumbai,Maharashtra,Hotel,4.0,4.4,,11103.0,,,1.0,1.0,1.0,1.0,1.0,1.0,1.0,0.0,1.0,0.0,0.0,0.0,0.0,0.0,0.0,google
JW Marriott Mumbai Sahar,mumbai,Maharashtra,Hotel,5.0,4.6,,12963.0,,,1.0,1.0,1.0,1.0,1.0,1.0,1.0,0.0,1.0,0.0,0.0,0.0,0.0,0.0,0.0,google
The Westin Mumbai Garden City,mumbai,Maharashtra,Hotel,5.0,4.5,,12963.0,,,1.0,1.0,1.0,1.0,1.0,1.0,1.0,0.0,0.0,0.0,0.0,0.0,1.0,0.0,0.0,google
"Holiday Inn Mumbai International Airport, an IHG Hotel",mumbai,Maharashtra,Hotel,4.0,4.5,,10619.0,,,1.0,1.0,1.0,1.0,1.0,1.0,1.0,0.0,1.0,0.0,0.0,0.0,0.0,0.0,0.0,google
Novotel Mumbai Juhu Beach,mumbai,Maharashtra,Hotel,5.0,4.3,,11800.0,,,1.0,1.0,1.0,1.0,1.0,1.0,0.0,0.0,0.0,1.0,0.0,0.0,0.0,0.0,0.0,google
Fairfield by Marriott Lucknow,lucknow,Uttar Pradesh,Hotel,4.0,4.3,,4816.0,,,1.0,1.0,0.0,1.0,1.0,1.0,0.0,1.0,1.0,0.0,0.0,0.0,0.0,0.0,1.0,google
Novotel Lucknow Gomti Nagar,lucknow,Uttar Pradesh,Hotel,5.0,4.5,,6551.0,,,1.0,1.0,1.0,1.0,1.0,1.0,0.0,0.0,1.0,1.0,0.0,0.0,0.0,0.0,0.0,google
Townhouse 1166 Bsa Townhouse,lucknow,Uttar Pradesh,Apartment,,3.7,,1296.0,,,1.0,1.0,0.0,0.0,0.0,0.0,0.0,0.0,0.0,0.0,0.0,0.0,0.0,0.0,0.0,google
Hyatt Regency Lucknow,lucknow,Uttar Pradesh,Hotel,5.0,4.4,,4480.0,,,1.0,1.0,1.0,1.0,1.0,1.0,1.0,0.0,1.0,0.0,0.0,0.0,0.0,0.0,0.0,google
Fairfield by Marriott Lucknow,lucknow,Uttar Pradesh,Hotel,4.0,4.3,,4814.0,,,1.0,1.0,0.0,1.0,1.0,1.0,0.0,1.0,1.0,0.0,0.0,0.0,0.0,0.0,1.0,google
Radisson Lucknow City Center,lucknow,Uttar Pradesh,Hotel,3.0,4.3,,4189.0,,,1.0,1.0,1.0,1.0,1.0,1.0,1.0,0.0,1.0,0.0,0.0,0.0,0.0,0.0,0.0,google
Taj Mahal Lucknow,lucknow,Uttar Pradesh,Hotel,5.0,4.6,,10936.0,,,1.0,1.0,1.0,1.0,1.0,1.0,1.0,0.0,1.0,0.0,0.0,0.0,0.0,0.0,0.0,google
The Regnant,lucknow,Uttar Pradesh,Hotel,,4.2,,3892.0,,,1.0,1.0,1.0,1.0,1.0,1.0,0.0,1.0,1.0,0.0,0.0,0.0,0.0,0.0,1.0,google
Hilton Garden Inn Lucknow,lucknow,Uttar Pradesh,Hotel,4.0,4.3,,5663.0,,,1.0,1.0,1.0,1.0,1.0,1.0,0.0,1.0,1.0,0.0,0.0,0.0,0.0,0.0,0.0,google
Ginger Lucknow,lucknow,Uttar Pradesh,Hotel,3.0,4.0,,2664.0,,,1.0,1.0,0.0,1.0,1.0,1.0,0.0,0.0,0.0,0.0,1.0,0.0,0.0,0.0,0.0,google
DCorbiz Hotel & Restaurant,lucknow,Uttar Pradesh,Hotel,3.0,4.0,,2108.0,,,1.0,1.0,1.0,1.0,1.0,0.0,0.0,1.0,0.0,0.0,0.0,0.0,0.0,0.0,1.0,google
Hotel Aryan,lucknow,Uttar Pradesh,Hotel,2.0,3.8,,587.0,,,1.0,0.0,0.0,0.0,0.0,0.0,0.0,0.0,0.0,0.0,1.0,0.0,0.0,0.0,1.0,google
Hotel Golden Orchid,lucknow,Uttar Pradesh,Hotel,3.0,4.0,,2218.0,,,1.0,1.0,0.0,1.0,1.0,0.0,0.0,0.0,0.0,0.0,0.0,0.0,0.0,1.0,1.0,google
Fortune Park BBD - Hotel in Lucknow,lucknow,Uttar Pradesh,Hotel,4.0,4.3,,7197.0,,,1.0,1.0,1.0,1.0,1.0,1.0,1.0,0.0,1.0,0.0,0.0,0.0,0.0,0.0,0.0,google
Hotel Millenia Regency Lucknow,lucknow,Uttar Pradesh,Hotel,,4.2,,2814.0,,,0.0,1.0,1.0,1.0,1.0,0.0,0.0,1.0,0.0,0.0,1.0,0.0,0.0,0.0,1.0,google
Golden Tulip Lucknow,lucknow,Uttar Pradesh,Hotel,4.0,4.2,,7271.0,,,1.0,1.0,1.0,1.0,1.0,1.0,1.0,0.0,1.0,0.0,0.0,0.0,0.0,0.0,0.0,google
The Grand Radiant-3 Star Hotel in Lucknow,lucknow,Uttar Pradesh,Hotel,4.0,4.0,,2453.0,,,1.0,1.0,1.0,1.0,1.0,0.0,0.0,1.0,0.0,0.0,0.0,0.0,0.0,1.0,1.0,google
Comfort Inn,lucknow,Uttar Pradesh,Hotel,3.0,4.1,,3394.0,,,1.0,1.0,1.0,1.0,1.0,1.0,0.0,1.0,0.0,0.0,0.0,0.0,0.0,0.0,1.0,google
"lebua Lucknow, Saraca Estate",lucknow,Uttar Pradesh,Hotel,4.0,4.3,,7621.0,,,1.0,1.0,1.0,1.0,1.0,1.0,0.0,1.0,0.0,0.0,0.0,0.0,0.0,0.0,1.0,google
Comfort Hotel Vista,lucknow,Uttar Pradesh,Hotel,3.0,4.6,,6160.0,,,1.0,1.0,1.0,1.0,1.0,0.0,0.0,1.0,0.0,0.0,0.0,0.0,0.0,0.0,1.0,google
Hilton Garden Inn Lucknow,lucknow,Uttar Pradesh,Hotel,4.0,4.3,,5664.0,,,1.0,1.0,1.0,1.0,1.0,1.0,0.0,1.0,1.0,0.0,0.0,0.0,0.0,0.0,0.0,google
The Park Hotel,kolkata,West Bengal,Hotel,5.0,4.4,,7295.0,,,1.0,1.0,1.0,1.0,1.0,1.0,1.0,0.0,0.0,0.0,0.0,0.0,1.0,0.0,0.0,google
"The Oberoi Grand, Kolkata",kolkata,West Bengal,Hotel,5.0,4.4,,4534.0,,,1.0,1.0,1.0,1.0,1.0,1.0,1.0,0.0,0.0,0.0,0.0,0.0,1.0,0.0,0.0,google
"The Oberoi Grand, Kolkata",kolkata,West Bengal,Hotel,5.0,4.4,,6048.0,,,1.0,1.0,1.0,1.0,1.0,1.0,1.0,0.0,0.0,0.0,0.0,0.0,1.0,0.0,0.0,google
The Elite Apartment Hotel,kolkata,West Bengal,Hotel,3.0,4.7,,784.0,,,1.0,1.0,0.0,1.0,1.0,0.0,0.0,1.0,0.0,1.0,0.0,0.0,0.0,1.0,0.0,google
Golden Parkk Hotel,kolkata,West Bengal,Hotel,3.0,4.0,,3790.0,,,1.0,1.0,0.0,1.0,1.0,0.0,1.0,1.0,1.0,0.0,0.0,0.0,0.0,0.0,1.0,google
Aristro Club,kolkata,West Bengal,Hotel,3.0,4.0,,1344.0,,,1.0,1.0,1.0,1.0,1.0,0.0,0.0,1.0,0.0,1.0,0.0,0.0,0.0,0.0,1.0,google
The Panash (Hotel and Banquets),kolkata,West Bengal,Hotel,,4.4,,1565.0,,,1.0,1.0,0.0,1.0,1.0,0.0,0.0,1.0,0.0,0.0,0.0,0.0,0.0,1.0,1.0,google
HOTEL ORCHID INN,kolkata,West Bengal,Hotel,,4.2,,1027.0,,,1.0,1.0,1.0,1.0,0.0,0.0,0.0,1.0,0.0,0.0,1.0,0.0,0.0,0.0,0.0,google
Bubble Beds Kolkata,kolkata,West Bengal,Hotel,2.0,4.3,,862.0,,,1.0,1.0,0.0,1.0,1.0,0.0,0.0,1.0,0.0,0.0,0.0,0.0,0.0,0.0,0.0,google
Hotel Platinum,kolkata,West Bengal,Hotel,3.0,3.9,,1464.0,,,1.0,0.0,1.0,1.0,1.0,0.0,0.0,1.0,0.0,1.0,0.0,0.0,0.0,0.0,0.0,google
Aster Guest House Kolkata,kolkata,West Bengal,Hotel,,4.0,,2885.0,,,1.0,1.0,0.0,1.0,1.0,0.0,0.0,1.0,0.0,1.0,1.0,0.0,0.0,0.0,0.0,google
Hotel Radiant (Kolkata),kolkata,West Bengal,Hotel,3.0,4.0,,2731.0,,,1.0,1.0,0.0,1.0,1.0,0.0,0.0,1.0,0.0,0.0,1.0,0.0,0.0,0.0,1.0,google
Hotel Afsha,kolkata,West Bengal,Hotel,,3.4,,1285.0,,,1.0,1.0,0.0,1.0,1.0,0.0,0.0,1.0,0.0,0.0,0.0,0.0,0.0,1.0,0.0,google
backpackers park,kolkata,West Bengal,Hotel,,4.0,,1103.0,,,1.0,1.0,1.0,1.0,1.0,0.0,0.0,0.0,0.0,0.0,0.0,0.0,0.0,0.0,0.0,google
Hotel Mayfair tower,kolkata,West Bengal,Hotel,,4.0,,1680.0,,,0.0,0.0,0.0,0.0,0.0,0.0,0.0,0.0,0.0,0.0,0.0,0.0,0.0,0.0,0.0,google
"The Manor House, Kolkata",kolkata,West Bengal,Hotel,,4.4,,3880.0,,,1.0,0.0,1.0,1.0,1.0,0.0,0.0,1.0,0.0,0.0,1.0,0.0,0.0,0.0,1.0,google
Barsana Boutique Hotel,kolkata,West Bengal,Hotel,3.0,4.3,,3719.0,,,1.0,1.0,1.0,1.0,1.0,0.0,0.0,1.0,0.0,0.0,0.0,0.0,0.0,1.0,1.0,google
Hotel Pan Asia Continental (A Unit Of Sharda Resources Limited),kolkata,West Bengal,Hotel,3.0,4.1,,3074.0,,,1.0,1.0,0.0,1.0,1.0,0.0,0.0,1.0,0.0,0.0,0.0,0.0,0.0,1.0,1.0,google
Hotel Emirates,kolkata,West Bengal,Hotel,2.0,4.0,,3014.0,,,1.0,1.0,0.0,1.0,1.0,0.0,0.0,1.0,0.0,0.0,0.0,0.0,0.0,1.0,1.0,google
The Aster Heritage,kolkata,West Bengal,Hotel,,4.7,,2778.0,,,1.0,1.0,0.0,1.0,1.0,0.0,0.0,0.0,0.0,1.0,1.0,0.0,0.0,0.0,1.0,google
Calcutta Bungalow| Heritage Rooms,kolkata,West Bengal,Hotel,,4.9,,8604.0,,,1.0,1.0,0.0,1.0,0.0,0.0,0.0,0.0,0.0,0.0,0.0,0.0,0.0,0.0,0.0,google
"BhubanBari historic house airy twin room w 2 baths, kitchen, garden terrace",kolkata,West Bengal,House,,5.0,,2856.0,,,0.0,1.0,0.0,0.0,0.0,0.0,0.0,0.0,0.0,0.0,1.0,0.0,0.0,0.0,0.0,google
Hotel Pawan Putra,kolkata,West Bengal,Hotel,3.0,4.1,,2436.0,,,1.0,1.0,1.0,1.0,1.0,0.0,0.0,1.0,0.0,0.0,0.0,0.0,0.0,0.0,0.0,google
"FabHotel Orion Crystal - Hotel in Park Circus, Kolkata",kolkata,West Bengal,Hotel,,4.1,,2652.0,,,1.0,1.0,1.0,1.0,1.0,0.0,0.0,1.0,0.0,0.0,0.0,0.0,0.0,0.0,1.0,google
The Elanza Hotel,bangalore,Karnataka,Hotel,4.0,4.1,,3968.0,,,1.0,1.0,0.0,1.0,1.0,1.0,0.0,1.0,0.0,0.0,0.0,0.0,0.0,1.0,1.0,google
"Country Inn & Suites by Radisson, Bengaluru Hebbal Road",bangalore,Karnataka,Hotel,4.0,4.1,,4480.0,,,1.0,1.0,1.0,1.0,1.0,1.0,1.0,0.0,1.0,0.0,0.0,0.0,0.0,0.0,0.0,google
Kadackal Farmhouse | Rooms & Pool,bangalore,Karnataka,Hotel,,4.2,,4012.0,,,0.0,1.0,0.0,1.0,0.0,0.0,0.0,0.0,0.0,0.0,0.0,0.0,0.0,0.0,0.0,google
"Country Inn & Suites by Radisson, Bengaluru Hebbal Road",bangalore,Karnataka,Hotel,4.0,4.1,,4480.0,,,1.0,1.0,1.0,1.0,1.0,1.0,1.0,0.0,1.0,0.0,0.0,0.0,0.0,0.0,0.0,google
Kings Palace Manyata,bangalore,Karnataka,Hotel,,3.2,,891.0,,,1.0,1.0,0.0,1.0,0.0,0.0,0.0,0.0,0.0,0.0,0.0,0.0,0.0,0.0,0.0,google
Prestige Residency,bangalore,Karnataka,Hotel,,3.1,,609.0,,,1.0,0.0,0.0,0.0,1.0,0.0,0.0,0.0,0.0,0.0,0.0,0.0,0.0,0.0,1.0,google
Hotel TAP Paradise,bangalore,Karnataka,Hotel,1.0,3.4,,539.0,,,1.0,1.0,1.0,1.0,0.0,0.0,0.0,1.0,0.0,0.0,0.0,0.0,0.0,1.0,0.0,google
Regenta Inn Grand Koramangala,bangalore,Karnataka,Hotel,,4.6,,3192.0,,,1.0,1.0,0.0,1.0,1.0,1.0,0.0,1.0,0.0,0.0,0.0,0.0,0.0,1.0,1.0,google
Guhantara,bangalore,Karnataka,Hotel,3.0,3.7,,4803.0,,,1.0,1.0,1.0,1.0,1.0,0.0,1.0,1.0,0.0,0.0,0.0,0.0,0.0,0.0,0.0,google
Palm Meadows Resort,bangalore,Karnataka,Hotel,5.0,4.5,,6745.0,,,1.0,1.0,1.0,1.0,1.0,1.0,1.0,0.0,0.0,0.0,0.0,0.0,1.0,0.0,0.0,google
Holiday Inn Express & Suites Bengaluru OMR,bangalore,Karnataka,Hotel,4.0,4.4,,4930.0,,,1.0,1.0,0.0,1.0,1.0,1.0,0.0,1.0,0.0,0.0,0.0,0.0,0.0,1.0,1.0,google
Howard Johnson by Wyndham Bengaluru Hebbal,bangalore,Karnataka,Hotel,4.0,4.1,,4636.0,,,1.0,1.0,1.0,1.0,1.0,1.0,1.0,0.0,0.0,1.0,0.0,0.0,0.0,0.0,0.0,google
The Signature Inn,bangalore,Karnataka,Hotel,3.0,3.8,,756.0,,,1.0,1.0,0.0,1.0,1.0,0.0,0.0,1.0,0.0,0.0,1.0,0.0,0.0,0.0,1.0,google
"Radisson Blu Hotel, Atria Bengaluru",bangalore,Karnataka,Hotel,5.0,4.4,,6300.0,,,1.0,1.0,1.0,1.0,1.0,1.0,1.0,0.0,1.0,0.0,0.0,0.0,0.0,0.0,0.0,google
SAP Golden Grande,bangalore,Karnataka,Hotel,3.0,4.0,,792.0,,,1.0,1.0,0.0,1.0,1.0,0.0,0.0,1.0,0.0,0.0,0.0,0.0,0.0,1.0,1.0,google
Royal Regency Lodge,bangalore,Karnataka,Hotel,3.0,3.8,,909.0,,,1.0,1.0,0.0,1.0,1.0,0.0,0.0,0.0,0.0,0.0,0.0,0.0,0.0,1.0,1.0,google
The Chancery Pavilion,bangalore,Karnataka,Hotel,5.0,4.1,,5376.0,,,1.0,1.0,1.0,1.0,1.0,1.0,1.0,0.0,0.0,0.0,0.0,0.0,1.0,0.0,0.0,google
Bangalore Gate Hotel & Conferences,bangalore,Karnataka,Hotel,3.0,4.1,,2804.0,,,1.0,1.0,0.0,1.0,1.0,0.0,0.0,1.0,0.0,0.0,0.0,0.0,0.0,1.0,1.0,google
"Holiday Inn Bengaluru Racecourse, an IHG Hotel",bangalore,Karnataka,Hotel,5.0,4.4,,6298.0,,,1.0,1.0,1.0,1.0,1.0,1.0,0.0,1.0,0.0,0.0,0.0,0.0,0.0,0.0,1.0,google
Gokulam Grand Hotel & Spa,bangalore,Karnataka,Hotel,5.0,4.3,,6228.0,,,1.0,1.0,1.0,1.0,1.0,1.0,1.0,0.0,1.0,0.0,0.0,0.0,0.0,0.0,0.0,google
"Taj Yeshwantpur, Bengaluru",bangalore,Karnataka,Hotel,5.0,4.5,,11800.0,,,1.0,1.0,1.0,1.0,1.0,1.0,1.0,0.0,1.0,0.0,0.0,0.0,0.0,0.0,0.0,google
Attide Boutique Hotel,bangalore,Karnataka,Hotel,4.0,4.2,,3863.0,,,1.0,1.0,0.0,1.0,1.0,1.0,0.0,1.0,1.0,0.0,0.0,0.0,0.0,0.0,1.0,google
Hyatt Place Hyderabad Banjara Hills,hyderabad,Telangana,Hotel,4.0,4.3,,11209.0,,,1.0,1.0,1.0,1.0,1.0,1.0,0.0,1.0,1.0,0.0,0.0,0.0,0.0,0.0,0.0,google
Trident Hotel Hyderabad,hyderabad,Telangana,Hotel,5.0,4.5,,10974.0,,,1.0,1.0,1.0,1.0,1.0,1.0,1.0,1.0,0.0,0.0,0.0,0.0,0.0,0.0,0.0,google
The Wilderness Retreat,hyderabad,Telangana,Hotel,,4.0,,4928.0,,,1.0,1.0,1.0,0.0,1.0,0.0,0.0,1.0,0.0,1.0,1.0,0.0,0.0,0.0,1.0,google
Hyderabad Marriott Hotel & Convention Centre,hyderabad,Telangana,Hotel,5.0,4.4,,7112.0,,,1.0,1.0,1.0,1.0,1.0,1.0,1.0,0.0,1.0,0.0,0.0,0.0,0.0,0.0,0.0,google
Citadel Hotels & Conventions By Vinnca,hyderabad,Telangana,Hotel,,4.4,,3640.0,,,1.0,1.0,1.0,1.0,1.0,0.0,0.0,1.0,0.0,0.0,0.0,0.0,0.0,1.0,0.0,google
Hotel Rainbow Tower,hyderabad,Telangana,Hotel,,4.5,,1187.0,,,1.0,1.0,1.0,1.0,1.0,0.0,0.0,1.0,0.0,0.0,0.0,0.0,0.0,1.0,1.0,google
"Deccan Serai Hotel, HITEC CITY, HYDERABAD",hyderabad,Telangana,Hotel,3.0,4.2,,3436.0,,,1.0,1.0,0.0,1.0,1.0,1.0,0.0,1.0,0.0,0.0,0.0,0.0,0.0,1.0,1.0,google
Taramati Baradari Resort,hyderabad,Telangana,Hotel,3.0,4.2,,2520.0,,,1.0,1.0,1.0,1.0,1.0,0.0,0.0,1.0,0.0,0.0,0.0,0.0,0.0,0.0,1.0,google
The Grand Plaza Hotel,hyderabad,Telangana,Hotel,3.0,3.8,,1240.0,,,1.0,1.0,0.0,1.0,1.0,0.0,0.0,1.0,0.0,0.0,0.0,0.0,0.0,1.0,1.0,google
Taj Falaknuma Palace,hyderabad,Telangana,Hotel,5.0,4.7,,46573.0,,,1.0,1.0,1.0,1.0,1.0,1.0,1.0,1.0,0.0,0.0,0.0,0.0,0.0,0.0,0.0,google
"Lemon Tree Hotel, Gachibowli, Hyderabad",hyderabad,Telangana,Hotel,4.0,4.2,,4910.0,,,1.0,1.0,1.0,1.0,1.0,1.0,1.0,0.0,0.0,0.0,0.0,0.0,1.0,0.0,0.0,google
Hotel Shubham Palace - Karmanghat,hyderabad,Telangana,Hotel,3.0,4.3,,2371.0,,,1.0,1.0,0.0,1.0,1.0,0.0,0.0,1.0,1.0,0.0,0.0,0.0,0.0,0.0,1.0,google
RESTEL STUDIO FLATS,hyderabad,Telangana,Hotel,,4.2,,2576.0,,,1.0,1.0,0.0,1.0,1.0,0.0,0.0,1.0,0.0,1.0,0.0,0.0,0.0,1.0,1.0,google
Ellaa Hotel,hyderabad,Telangana,Hotel,4.0,4.8,,4349.0,,,1.0,1.0,1.0,1.0,1.0,1.0,1.0,0.0,0.0,0.0,0.0,0.0,1.0,0.0,0.0,google
Zibe Hyderabad by GRT Hotels,hyderabad,Telangana,Hotel,3.0,4.5,,4520.0,,,1.0,1.0,0.0,1.0,1.0,0.0,0.0,1.0,0.0,0.0,0.0,0.0,0.0,1.0,1.0,google
Ananya Eco Resorts,hyderabad,Telangana,Hotel,,3.9,,3808.0,,,1.0,1.0,0.0,1.0,1.0,0.0,0.0,1.0,0.0,0.0,1.0,0.0,0.0,0.0,0.0,google
Hotel Daspalla Hyderabad,hyderabad,Telangana,Hotel,4.0,4.2,,5446.0,,,1.0,1.0,1.0,1.0,1.0,1.0,1.0,0.0,1.0,0.0,0.0,0.0,0.0,0.0,0.0,google
Capital O Jubilee Banjara Suites Near City Center Mall,hyderabad,Telangana,Apartment,,3.2,,1044.0,,,1.0,0.0,0.0,1.0,0.0,0.0,0.0,0.0,0.0,0.0,0.0,0.0,0.0,0.0,0.0,google
Luxury House in Hyderabad With Chef and Driver,hyderabad,Telangana,Hotel,,5.0,,10115.0,,,1.0,1.0,0.0,0.0,0.0,0.0,0.0,0.0,0.0,0.0,0.0,0.0,0.0,0.0,0.0,google
"Taj Krishna, Hyderabad",hyderabad,Telangana,Hotel,5.0,4.5,,11800.0,,,1.0,1.0,1.0,1.0,1.0,1.0,1.0,0.0,1.0,0.0,0.0,0.0,0.0,0.0,0.0,google
The Wilderness Retreat,hyderabad,Telangana,Hotel,,4.0,,5668.0,,,1.0,1.0,1.0,0.0,1.0,0.0,0.0,1.0,0.0,1.0,1.0,0.0,0.0,0.0,1.0,google
Treebo Trend South Avenue With Roadside View,pondicherry,Puducherry,Hotel,3.0,3.8,,9558.0,,,1.0,0.0,0.0,1.0,1.0,0.0,0.0,1.0,1.0,0.0,0.0,0.0,0.0,1.0,1.0,google
The Bull Boutique Hotel,pondicherry,Puducherry,Hotel,,4.3,,4129.0,,,1.0,1.0,0.0,1.0,1.0,0.0,0.0,1.0,0.0,0.0,1.0,0.0,0.0,1.0,1.0,google
Aashikha Farm House,pondicherry,Puducherry,Hotel,,4.8,,1974.0,,,1.0,1.0,1.0,1.0,1.0,0.0,0.0,0.0,0.0,1.0,0.0,0.0,0.0,1.0,1.0,google
HOMESTAY HOTEL LA VILLA PONDI CHÉRIE GUESTHOUSE ROOMS,pondicherry,Puducherry,Hotel,,4.3,,904.0,,,1.0,1.0,1.0,1.0,1.0,1.0,1.0,1.0,0.0,1.0,0.0,0.0,0.0,0.0,0.0,google
La Grrande Malar - The Boutique Hotel Pondicherry,pondicherry,Puducherry,Hotel,,4.4,,2344.0,,,1.0,1.0,1.0,1.0,1.0,0.0,0.0,1.0,0.0,0.0,0.0,0.0,0.0,0.0,1.0,google
Treebo Trend Grace Inn,pondicherry,Puducherry,Hotel,3.0,4.2,,9698.0,,,1.0,0.0,0.0,1.0,1.0,0.0,0.0,1.0,0.0,0.0,1.0,0.0,0.0,0.0,1.0,google
Hotel Bon Sejour,pondicherry,Puducherry,Hotel,3.0,3.8,,4415.0,,,1.0,1.0,0.0,1.0,1.0,0.0,0.0,1.0,0.0,0.0,0.0,0.0,0.0,0.0,1.0,google
Esparan Heritage,pondicherry,Puducherry,Hotel,3.0,4.3,,1990.0,,,1.0,0.0,0.0,1.0,1.0,0.0,0.0,1.0,0.0,0.0,1.0,0.0,0.0,1.0,1.0,google
La Maison Pondichéry - Heritage Guesthouse,pondicherry,Puducherry,Hotel,,4.4,,3846.0,,,1.0,1.0,0.0,1.0,1.0,0.0,0.0,1.0,0.0,0.0,0.0,0.0,0.0,1.0,1.0,google
Lotus Comfort- A Pondy Hotel,pondicherry,Puducherry,Hotel,3.0,3.6,,1734.0,,,1.0,1.0,0.0,1.0,1.0,0.0,0.0,1.0,0.0,0.0,1.0,0.0,0.0,1.0,0.0,google
Pleasant Inn,pondicherry,Puducherry,Hotel,1.0,3.9,,1016.0,,,1.0,0.0,0.0,1.0,1.0,0.0,0.0,1.0,0.0,0.0,1.0,0.0,0.0,0.0,1.0,google
A La Villa Creole,pondicherry,Puducherry,Hotel,3.0,4.2,,1659.0,,,1.0,0.0,0.0,1.0,1.0,0.0,0.0,1.0,0.0,0.0,1.0,0.0,0.0,1.0,0.0,google
Hotel Le Royal Park,pondicherry,Puducherry,Hotel,3.0,4.1,,3415.0,,,1.0,1.0,1.0,1.0,1.0,1.0,1.0,0.0,1.0,0.0,0.0,0.0,0.0,0.0,0.0,google
Raj Residency,pondicherry,Puducherry,Hotel,1.0,4.2,,1593.0,,,1.0,1.0,0.0,1.0,1.0,0.0,0.0,1.0,0.0,0.0,0.0,0.0,0.0,1.0,1.0,google
Hotel Ram International,pondicherry,Puducherry,Hotel,3.0,3.9,,1939.0,,,1.0,1.0,0.0,1.0,1.0,0.0,0.0,1.0,0.0,0.0,0.0,0.0,0.0,0.0,1.0,google
Prince Park Farm House,pondicherry,Puducherry,Hotel,3.0,3.9,,2258.0,,,1.0,1.0,1.0,1.0,1.0,0.0,0.0,1.0,0.0,0.0,0.0,0.0,0.0,0.0,1.0,google
Hotel D'Inn,pondicherry,Puducherry,Hotel,3.0,3.6,,1190.0,,,1.0,1.0,0.0,1.0,1.0,0.0,0.0,1.0,0.0,0.0,0.0,0.0,0.0,1.0,1.0,google
Hotel Annamalai International,pondicherry,Puducherry,Hotel,3.0,4.0,,3724.0,,,1.0,1.0,1.0,1.0,1.0,1.0,0.0,1.0,0.0,0.0,0.0,0.0,0.0,0.0,1.0,google
Nomad House,pondicherry,Puducherry,Hotel,,4.5,,1381.0,,,1.0,0.0,0.0,1.0,0.0,0.0,0.0,0.0,0.0,0.0,0.0,0.0,0.0,0.0,0.0,google
Villa Sentosa,pondicherry,Puducherry,Hotel,,4.1,,2168.0,,,1.0,0.0,0.0,1.0,1.0,0.0,0.0,1.0,0.0,0.0,1.0,0.0,0.0,1.0,0.0,google
Her View I Luxe Room & Kitchen,pondicherry,Puducherry,Hotel,,3.2,,3306.0,,,1.0,1.0,0.0,1.0,0.0,0.0,0.0,0.0,0.0,0.0,0.0,0.0,0.0,0.0,0.0,google
Maison Petite Singapore,pondicherry,Puducherry,House,,3.9,,2521.0,,,1.0,1.0,0.0,1.0,0.0,0.0,0.0,0.0,0.0,0.0,0.0,0.0,0.0,0.0,0.0,google
Hotel Gargee Grand | Best Hotel in Patna,patna,Bihar,Hotel,4.0,4.1,,4956.0,,,1.0,1.0,1.0,1.0,1.0,1.0,0.0,1.0,0.0,0.0,0.0,0.0,0.0,0.0,1.0,google
HOTEL AMALFI GRAND,patna,Bihar,Hotel,4.0,4.1,,4004.0,,,1.0,1.0,1.0,0.0,1.0,0.0,0.0,1.0,0.0,0.0,0.0,0.0,0.0,1.0,1.0,google
Hotel Fortune..,patna,Bihar,Hotel,3.0,3.6,,1200.0,,,1.0,1.0,1.0,0.0,0.0,0.0,0.0,1.0,0.0,0.0,1.0,0.0,0.0,0.0,0.0,google
HOTEL AMALFI GRAND,patna,Bihar,Hotel,4.0,4.1,,2935.0,,,1.0,1.0,1.0,0.0,1.0,0.0,0.0,1.0,0.0,0.0,0.0,0.0,0.0,1.0,1.0,google
Hotel Bodhi Tree - Best Hotel in Patna | Hotels Near Patna junction Railway Station and Patna airport,patna,Bihar,Hotel,,4.1,,2438.0,,,1.0,1.0,1.0,1.0,1.0,0.0,0.0,1.0,0.0,0.0,1.0,0.0,0.0,0.0,1.0,google
"Lemon Tree Premier, Patna",patna,Bihar,Hotel,4.0,4.1,,6472.0,,,1.0,1.0,1.0,1.0,1.0,1.0,1.0,1.0,0.0,0.0,0.0,0.0,0.0,0.0,0.0,google
The Grand Empire | Best 4 Star Luxury Hotel in Patna,patna,Bihar,Hotel,4.0,4.0,,4662.0,,,1.0,1.0,0.0,1.0,1.0,1.0,0.0,1.0,0.0,0.0,0.0,0.0,0.0,0.0,1.0,google
Hotel Gargee Grand | Best Hotel in Patna,patna,Bihar,Hotel,4.0,4.1,,4956.0,,,1.0,1.0,1.0,1.0,1.0,1.0,0.0,1.0,0.0,0.0,0.0,0.0,0.0,0.0,1.0,google
Ghar Aangan Resort,patna,Bihar,Hotel,3.0,3.9,,2902.0,,,1.0,1.0,1.0,1.0,1.0,0.0,0.0,1.0,0.0,1.0,0.0,0.0,0.0,0.0,1.0,google
The Park Pride,patna,Bihar,Hotel,,4.2,,2837.0,,,1.0,1.0,1.0,0.0,1.0,0.0,0.0,1.0,0.0,0.0,0.0,0.0,0.0,0.0,1.0,google
"Hotel Virasat Retreat, Opposit Medanta Hospital,Patna",patna,Bihar,Hotel,,4.0,,1712.0,,,1.0,1.0,1.0,1.0,1.0,1.0,0.0,1.0,1.0,0.0,0.0,0.0,0.0,0.0,1.0,google
Buddha Heritage,patna,Bihar,Hotel,3.0,4.0,,3015.0,,,1.0,1.0,0.0,1.0,1.0,0.0,0.0,1.0,0.0,0.0,0.0,0.0,0.0,1.0,1.0,google
Hotel Maurya,patna,Bihar,Hotel,5.0,4.3,,10112.0,,,1.0,1.0,1.0,1.0,1.0,1.0,1.0,1.0,0.0,0.0,0.0,0.0,0.0,0.0,0.0,google
Hotel Mundrika Deluxe,patna,Bihar,Hotel,3.0,3.2,,1300.0,,,1.0,1.0,1.0,1.0,1.0,0.0,0.0,1.0,0.0,0.0,0.0,0.0,0.0,0.0,1.0,google
Hotel Aurelia Pearl,patna,Bihar,Hotel,,4.8,,1846.0,,,1.0,0.0,0.0,1.0,1.0,0.0,0.0,1.0,0.0,0.0,0.0,0.0,0.0,0.0,1.0,google
The Hotel Bliss | Best Hotels in Patna,patna,Bihar,Hotel,,4.1,,1450.0,,,1.0,1.0,0.0,1.0,1.0,0.0,0.0,1.0,0.0,0.0,0.0,0.0,0.0,1.0,1.0,google
The AVR Hotel,patna,Bihar,Hotel,3.0,4.1,,2438.0,,,1.0,1.0,0.0,1.0,1.0,1.0,0.0,1.0,0.0,0.0,0.0,0.0,0.0,1.0,1.0,google
Super OYO Townhouse OAK Holiday Grand,patna,Bihar,Apartment,,3.3,,1553.0,,,1.0,0.0,0.0,1.0,0.0,0.0,0.0,0.0,0.0,0.0,0.0,0.0,0.0,0.0,0.0,google
Hotel Windsor,patna,Bihar,Hotel,3.0,3.9,,4536.0,,,1.0,1.0,0.0,1.0,1.0,0.0,0.0,1.0,0.0,0.0,0.0,0.0,0.0,1.0,1.0,google
"Lemon Tree Premier, Patna",patna,Bihar,Hotel,4.0,4.1,,6882.0,,,1.0,1.0,1.0,1.0,1.0,1.0,1.0,1.0,0.0,0.0,0.0,0.0,0.0,0.0,0.0,google
Treebo Trend Seven Suites,nagpur,Maharashtra,Hotel,3.0,3.5,,2488.0,,,1.0,1.0,0.0,1.0,1.0,0.0,0.0,0.0,0.0,0.0,1.0,0.0,0.0,0.0,1.0,google
Treebo Trend Chalets,nagpur,Maharashtra,Hotel,3.0,4.2,,3008.0,,,1.0,1.0,1.0,1.0,1.0,0.0,0.0,1.0,0.0,0.0,0.0,0.0,0.0,0.0,1.0,google
Radisson Blu Hotel Nagpur,nagpur,Maharashtra,Hotel,5.0,4.5,,9361.0,,,1.0,1.0,1.0,1.0,1.0,1.0,1.0,0.0,0.0,0.0,0.0,0.0,1.0,0.0,0.0,google
Regenta Central Hotel & Convention Centre,nagpur,Maharashtra,Hotel,4.0,4.0,,3830.0,,,1.0,1.0,0.0,1.0,1.0,1.0,0.0,1.0,1.0,0.0,0.0,0.0,0.0,0.0,1.0,google
Hotel The Embassy,nagpur,Maharashtra,Hotel,3.0,4.1,,3395.0,,,1.0,1.0,1.0,1.0,1.0,0.0,0.0,1.0,1.0,0.0,0.0,0.0,0.0,0.0,1.0,google
Hotel Centre Point,nagpur,Maharashtra,Hotel,5.0,4.3,,4681.0,,,1.0,1.0,1.0,1.0,1.0,1.0,1.0,0.0,1.0,0.0,0.0,0.0,0.0,0.0,0.0,google
"The Legend Inn, Nagpur",nagpur,Maharashtra,Hotel,3.0,4.0,,3276.0,,,1.0,1.0,0.0,1.0,1.0,0.0,0.0,1.0,1.0,0.0,0.0,0.0,0.0,1.0,1.0,google
Orange Tree Hotels,nagpur,Maharashtra,Hotel,,4.4,,3042.0,,,1.0,0.0,1.0,1.0,1.0,0.0,0.0,1.0,0.0,0.0,0.0,0.0,0.0,0.0,1.0,google
Octave Parkland Suites,nagpur,Maharashtra,Hotel,,4.3,,2099.0,,,1.0,1.0,1.0,1.0,1.0,0.0,0.0,0.0,0.0,0.0,0.0,0.0,0.0,0.0,1.0,google
"RSVP NAGPUR(Restro-bar,Rooftop & Rooms)",nagpur,Maharashtra,Hotel,,4.0,,2300.0,,,1.0,1.0,1.0,0.0,1.0,0.0,0.0,1.0,0.0,0.0,0.0,0.0,0.0,0.0,1.0,google
Treebo Trend Chalets,nagpur,Maharashtra,Hotel,3.0,4.2,,2989.0,,,1.0,1.0,1.0,1.0,1.0,0.0,0.0,1.0,0.0,0.0,0.0,0.0,0.0,0.0,1.0,google
Hotel Orient Crown,nagpur,Maharashtra,Hotel,,3.9,,1677.0,,,1.0,1.0,1.0,1.0,1.0,0.0,0.0,1.0,0.0,0.0,0.0,0.0,0.0,0.0,0.0,google
Hotel Maitrayee,nagpur,Maharashtra,Hotel,,4.6,,2384.0,,,1.0,1.0,1.0,1.0,1.0,0.0,0.0,1.0,0.0,0.0,0.0,0.0,0.0,0.0,1.0,google
Hotel Nagpur Ashok,nagpur,Maharashtra,Hotel,3.0,4.0,,5235.0,,,1.0,1.0,1.0,1.0,1.0,0.0,1.0,1.0,1.0,0.0,0.0,0.0,0.0,0.0,0.0,google
Nirvana Residency,nagpur,Maharashtra,Hotel,,4.7,,2600.0,,,0.0,0.0,0.0,0.0,0.0,0.0,0.0,0.0,0.0,0.0,0.0,0.0,0.0,0.0,0.0,google
The Paramount Hotel,nagpur,Maharashtra,Hotel,,4.4,,1071.0,,,1.0,1.0,1.0,1.0,0.0,0.0,0.0,0.0,0.0,0.0,0.0,0.0,0.0,0.0,1.0,google
Hotel President Nagpur,nagpur,Maharashtra,Hotel,3.0,4.1,,2813.0,,,1.0,1.0,1.0,1.0,1.0,0.0,0.0,1.0,0.0,0.0,0.0,0.0,0.0,1.0,1.0,google
Treebo Trend The Pavilion,nagpur,Maharashtra,Hotel,,4.0,,2966.0,,,1.0,1.0,1.0,1.0,1.0,0.0,0.0,1.0,0.0,0.0,0.0,0.0,0.0,0.0,1.0,google
Treebo Trend Hotel A1,nagpur,Maharashtra,Hotel,3.0,3.9,,2689.0,,,1.0,1.0,1.0,1.0,1.0,0.0,0.0,1.0,0.0,0.0,0.0,0.0,0.0,1.0,0.0,google
The Park Indore,indore,Madhya Pradesh,Hotel,5.0,4.7,,6272.0,,,1.0,1.0,1.0,1.0,1.0,1.0,1.0,0.0,1.0,0.0,0.0,0.0,0.0,0.0,0.0,google
Pride Hotel & Convention Centre Indore,indore,Madhya Pradesh,Hotel,4.0,4.1,,3807.0,,,1.0,1.0,1.0,1.0,1.0,1.0,0.0,1.0,1.0,0.0,0.0,0.0,0.0,0.0,0.0,google
Pride Hotel & Convention Centre Indore,indore,Madhya Pradesh,Hotel,4.0,4.1,,3273.0,,,1.0,1.0,1.0,1.0,1.0,1.0,0.0,1.0,1.0,0.0,0.0,0.0,0.0,0.0,0.0,google
Hotel Solaris,indore,Madhya Pradesh,Hotel,3.0,4.0,,2259.0,,,1.0,1.0,1.0,1.0,1.0,1.0,0.0,1.0,0.0,0.0,0.0,0.0,0.0,0.0,1.0,google
Sayaji Hotel Indore,indore,Madhya Pradesh,Hotel,5.0,4.4,,5111.0,,,1.0,1.0,1.0,1.0,1.0,1.0,1.0,0.0,0.0,0.0,0.0,0.0,1.0,0.0,0.0,google
Best Western Plus Indore,indore,Madhya Pradesh,Hotel,4.0,4.2,,3424.0,,,1.0,1.0,0.0,1.0,1.0,1.0,0.0,1.0,1.0,0.0,0.0,0.0,0.0,0.0,1.0,google
Fairfield by Marriott Indore,indore,Madhya Pradesh,Hotel,4.0,4.2,,4770.0,,,1.0,1.0,0.0,1.0,1.0,1.0,0.0,1.0,1.0,0.0,0.0,0.0,0.0,0.0,1.0,google
Jalsa Resort & Banquets,indore,Madhya Pradesh,Hotel,,4.3,,2921.0,,,1.0,1.0,1.0,0.0,0.0,0.0,1.0,1.0,0.0,0.0,1.0,0.0,0.0,0.0,0.0,google
Radisson Blu Hotel Indore,indore,Madhya Pradesh,Hotel,5.0,4.5,,6266.0,,,1.0,1.0,1.0,1.0,1.0,1.0,1.0,0.0,0.0,0.0,0.0,0.0,1.0,0.0,0.0,google
Indore Marriott Hotel,indore,Madhya Pradesh,Hotel,5.0,4.4,,6721.0,,,1.0,1.0,1.0,1.0,1.0,1.0,1.0,0.0,1.0,0.0,0.0,0.0,0.0,0.0,0.0,google
Sheraton Grand Palace Indore,indore,Madhya Pradesh,Hotel,5.0,4.3,,7280.0,,,1.0,1.0,1.0,1.0,1.0,1.0,1.0,0.0,1.0,0.0,0.0,0.0,0.0,0.0,0.0,google
Jardin Hotels,indore,Madhya Pradesh,Hotel,,4.2,,2508.0,,,1.0,1.0,1.0,0.0,1.0,0.0,0.0,1.0,0.0,0.0,0.0,0.0,0.0,0.0,1.0,google
"WOW Crest, Indore - IHCL SeleQtions",indore,Madhya Pradesh,Hotel,,4.3,,5878.0,,,1.0,1.0,1.0,1.0,1.0,1.0,1.0,1.0,1.0,0.0,0.0,0.0,0.0,0.0,0.0,google
Effotel by Sayaji,indore,Madhya Pradesh,Hotel,4.0,4.3,,4090.0,,,1.0,1.0,1.0,1.0,1.0,0.0,0.0,1.0,0.0,0.0,0.0,0.0,0.0,1.0,1.0,google
"Hotel Meritel Grande, Indore",indore,Madhya Pradesh,Hotel,,4.9,,1384.0,,,1.0,1.0,0.0,1.0,1.0,0.0,1.0,1.0,1.0,0.0,0.0,0.0,0.0,0.0,1.0,google
Hotel Vrindavan Palace,indore,Madhya Pradesh,Hotel,,4.4,,1871.0,,,1.0,1.0,1.0,1.0,0.0,0.0,0.0,0.0,0.0,1.0,0.0,0.0,0.0,0.0,1.0,google
Hotel Shri Niwas,indore,Madhya Pradesh,Hotel,2.0,3.7,,1289.0,,,1.0,1.0,1.0,0.0,0.0,0.0,0.0,0.0,0.0,0.0,1.0,0.0,0.0,0.0,0.0,google
JMC HOTEL S GRANDE INDORE,indore,Madhya Pradesh,Hotel,3.0,4.6,,2239.0,,,1.0,1.0,0.0,1.0,1.0,1.0,0.0,1.0,0.0,0.0,0.0,0.0,0.0,0.0,1.0,google
The Park Indore,indore,Madhya Pradesh,Hotel,5.0,4.7,,5018.0,,,1.0,1.0,1.0,1.0,1.0,1.0,1.0,0.0,1.0,0.0,0.0,0.0,0.0,0.0,0.0,google
My Special House,indore,Madhya Pradesh,Hotel,,2.9,,1020.0,,,1.0,1.0,0.0,1.0,0.0,0.0,0.0,0.0,0.0,0.0,0.0,0.0,0.0,0.0,0.0,google
Astha Lakshmi Tourist Homestay,indore,Madhya Pradesh,Hotel,,4.5,,1428.0,,,1.0,1.0,0.0,1.0,0.0,0.0,0.0,0.0,0.0,0.0,0.0,0.0,0.0,0.0,0.0,google
Treebo Trend Grand Euro,indore,Madhya Pradesh,Hotel,,4.7,,2570.0,,,1.0,1.0,0.0,1.0,1.0,0.0,0.0,1.0,0.0,0.0,1.0,0.0,0.0,0.0,1.0,google
Sayaji Hotel Indore,indore,Madhya Pradesh,Hotel,5.0,4.4,,5874.0,,,1.0,1.0,1.0,1.0,1.0,1.0,1.0,0.0,0.0,0.0,0.0,0.0,1.0,0.0,0.0,google
Trident Hotel Jaipur,jaipur,Rajasthan,Hotel,5.0,4.4,,14160.0,,,1.0,1.0,1.0,1.0,1.0,1.0,1.0,0.0,1.0,0.0,0.0,0.0,0.0,0.0,0.0,google
The Lalit Jaipur,jaipur,Rajasthan,Hotel,5.0,4.4,,12389.0,,,1.0,1.0,1.0,1.0,1.0,1.0,1.0,0.0,1.0,0.0,0.0,0.0,0.0,0.0,0.0,google
Hotel Sarang Palace - Boutique Stays & Candlelight Dining,jaipur,Rajasthan,Hotel,3.0,4.4,,2724.0,,,1.0,1.0,0.0,1.0,1.0,0.0,1.0,1.0,1.0,0.0,0.0,0.0,0.0,0.0,1.0,google
Moustache Jaipur,jaipur,Rajasthan,Hotel,2.0,4.4,,1039.0,,,1.0,0.0,1.0,1.0,0.0,0.0,0.0,1.0,0.0,0.0,0.0,0.0,0.0,0.0,0.0,google
Chokhi Dhani Resort,jaipur,Rajasthan,Hotel,5.0,4.3,,10029.0,,,1.0,1.0,1.0,1.0,1.0,1.0,1.0,1.0,0.0,0.0,0.0,0.0,0.0,0.0,0.0,google
"Holiday Inn Jaipur City Centre, an IHG Hotel",jaipur,Rajasthan,Hotel,5.0,4.5,,14190.0,,,1.0,1.0,1.0,1.0,1.0,1.0,1.0,0.0,1.0,0.0,0.0,0.0,0.0,0.0,0.0,google
Umaid Bhawan-A Royal Heritage Style Boutique Hotel,jaipur,Rajasthan,Hotel,4.0,4.3,,5585.0,,,1.0,1.0,1.0,1.0,1.0,0.0,0.0,1.0,1.0,0.0,0.0,0.0,0.0,0.0,1.0,google
Jaipur Marriott Hotel,jaipur,Rajasthan,Hotel,5.0,4.5,,7840.0,,,1.0,1.0,1.0,1.0,1.0,1.0,1.0,0.0,0.0,0.0,0.0,0.0,1.0,0.0,0.0,google
"Devi Ratn, Jaipur – IHCL SeleQtions",jaipur,Rajasthan,Hotel,5.0,4.5,,16992.0,,,1.0,1.0,1.0,1.0,1.0,1.0,0.0,0.0,0.0,1.0,0.0,0.0,1.0,0.0,0.0,google
The Lalit Jaipur,jaipur,Rajasthan,Hotel,5.0,4.4,,7381.0,,,1.0,1.0,1.0,1.0,1.0,1.0,1.0,0.0,1.0,0.0,0.0,0.0,0.0,0.0,0.0,google
Hotel Rajasthan Palace,jaipur,Rajasthan,Hotel,3.0,4.7,,5479.0,,,1.0,1.0,1.0,1.0,1.0,0.0,0.0,1.0,0.0,0.0,0.0,0.0,0.0,1.0,1.0,google
WelcomHeritage Traditional Haveli,jaipur,Rajasthan,Hotel,5.0,4.5,,4704.0,,,1.0,1.0,1.0,1.0,1.0,0.0,1.0,1.0,1.0,0.0,0.0,0.0,0.0,0.0,0.0,google
Hilton Jaipur,jaipur,Rajasthan,Hotel,5.0,4.4,,6885.0,,,1.0,1.0,1.0,1.0,1.0,1.0,1.0,0.0,1.0,0.0,0.0,0.0,0.0,0.0,0.0,google
"Lemon Tree Premier, Jaipur",jaipur,Rajasthan,Hotel,4.0,4.3,,3920.0,,,1.0,1.0,1.0,1.0,1.0,1.0,1.0,0.0,1.0,0.0,0.0,0.0,0.0,0.0,0.0,google
Hotel Grand Lotus Inn,jaipur,Rajasthan,Hotel,3.0,4.7,,1489.0,,,1.0,1.0,0.0,1.0,1.0,0.0,0.0,1.0,0.0,0.0,0.0,0.0,0.0,1.0,1.0,google
"Jai Mahal Palace, Jaipur",jaipur,Rajasthan,Hotel,5.0,4.7,,34173.0,,,1.0,1.0,1.0,1.0,1.0,1.0,1.0,0.0,1.0,0.0,0.0,0.0,0.0,0.0,0.0,google
Chokhi Dhani Resort,jaipur,Rajasthan,Hotel,5.0,4.3,,8388.0,,,1.0,1.0,1.0,1.0,1.0,1.0,1.0,1.0,0.0,0.0,0.0,0.0,0.0,0.0,0.0,google
Dera Jaipur,jaipur,Rajasthan,Hotel,,4.5,,8400.0,,,1.0,1.0,0.0,1.0,0.0,0.0,0.0,0.0,0.0,0.0,0.0,0.0,0.0,0.0,0.0,google
Blue Beds Jaipur,jaipur,Rajasthan,Hotel,3.0,4.4,,1858.0,,,1.0,1.0,0.0,1.0,1.0,0.0,0.0,1.0,0.0,0.0,0.0,0.0,0.0,1.0,0.0,google
Hotel Royal Orchid Jaipur,jaipur,Rajasthan,Hotel,5.0,4.3,,6011.0,,,1.0,1.0,1.0,1.0,1.0,1.0,0.0,1.0,0.0,0.0,0.0,0.0,1.0,0.0,0.0,google
Ginger Jaipur,jaipur,Rajasthan,Hotel,3.0,4.1,,3135.0,,,1.0,1.0,0.0,1.0,1.0,1.0,0.0,0.0,0.0,0.0,1.0,0.0,0.0,0.0,0.0,google
Pride Amber Vilas Resort & Convention Centre,jaipur,Rajasthan,Hotel,4.0,4.2,,7951.0,,,1.0,1.0,1.0,1.0,1.0,1.0,1.0,1.0,0.0,0.0,0.0,0.0,0.0,0.0,0.0,google
Sureli Haveli Jaipur,jaipur,Rajasthan,Hotel,,3.8,,1415.0,,,0.0,1.0,0.0,0.0,0.0,0.0,0.0,0.0,0.0,0.0,0.0,0.0,0.0,0.0,0.0,google
ibis Nashik,nashik,Maharashtra,Hotel,2.0,4.4,,2911.0,,,1.0,1.0,0.0,1.0,1.0,1.0,0.0,1.0,0.0,1.0,0.0,0.0,0.0,0.0,0.0,google
Treebo Trend Abode,nashik,Maharashtra,Hotel,3.0,4.0,,3271.0,,,1.0,1.0,0.0,1.0,1.0,0.0,0.0,0.0,0.0,0.0,1.0,0.0,0.0,0.0,0.0,google
Birla Ayurveda Stay Centre,nashik,Maharashtra,Hotel,,4.1,,1482.0,,,1.0,1.0,0.0,1.0,0.0,0.0,0.0,0.0,0.0,0.0,0.0,0.0,0.0,0.0,0.0,google
ibis Nashik,nashik,Maharashtra,Hotel,2.0,4.4,,2872.0,,,1.0,1.0,0.0,1.0,1.0,1.0,0.0,1.0,0.0,1.0,0.0,0.0,0.0,0.0,0.0,google
Raghunandan Resort,nashik,Maharashtra,Hotel,,4.2,,2195.0,,,0.0,0.0,0.0,0.0,0.0,0.0,0.0,0.0,0.0,0.0,0.0,0.0,0.0,0.0,0.0,google
The Emerald Park,nashik,Maharashtra,Hotel,3.0,4.0,,3190.0,,,1.0,1.0,0.0,1.0,1.0,0.0,0.0,1.0,1.0,0.0,0.0,0.0,0.0,0.0,1.0,google
The Gateway Hotel Ambad Nashik,nashik,Maharashtra,Hotel,5.0,4.6,,12980.0,,,1.0,1.0,1.0,1.0,1.0,1.0,1.0,0.0,0.0,1.0,0.0,0.0,0.0,0.0,0.0,google
"Enrise by Sayaji - Nashik, Best Banquet Hotel",nashik,Maharashtra,Hotel,,4.2,,3489.0,,,1.0,1.0,0.0,1.0,1.0,0.0,0.0,1.0,1.0,0.0,0.0,0.0,0.0,1.0,1.0,google
"Hotel Royale Heritage, Nashik",nashik,Maharashtra,Hotel,3.0,3.8,,1242.0,,,1.0,1.0,0.0,1.0,1.0,0.0,0.0,1.0,0.0,1.0,0.0,0.0,0.0,1.0,1.0,google
Courtyard by Marriott Nashik,nashik,Maharashtra,Hotel,5.0,4.4,,9735.0,,,1.0,1.0,1.0,1.0,1.0,1.0,1.0,1.0,0.0,0.0,0.0,0.0,0.0,0.0,0.0,google
Ginger Nashik,nashik,Maharashtra,Hotel,3.0,3.8,,3518.0,,,1.0,1.0,0.0,1.0,1.0,1.0,0.0,0.0,0.0,0.0,1.0,0.0,0.0,0.0,0.0,google
Hotel Panchavati Yatri,nashik,Maharashtra,Hotel,2.0,4.0,,1934.0,,,1.0,1.0,0.0,1.0,1.0,0.0,0.0,1.0,0.0,0.0,0.0,0.0,0.0,0.0,1.0,google
Caves County,nashik,Maharashtra,Hotel,,4.1,,4021.0,,,1.0,1.0,0.0,0.0,1.0,0.0,0.0,1.0,0.0,0.0,0.0,0.0,0.0,0.0,1.0,google
Hotel Rama Heritage,nashik,Maharashtra,Hotel,3.0,4.1,,2746.0,,,1.0,1.0,0.0,1.0,1.0,0.0,0.0,1.0,0.0,0.0,0.0,0.0,0.0,0.0,1.0,google
PANCHAVATI ELITE INN,nashik,Maharashtra,Hotel,3.0,3.6,,2071.0,,,1.0,1.0,1.0,1.0,1.0,0.0,0.0,1.0,0.0,0.0,0.0,0.0,0.0,0.0,1.0,google
"Holiday Inn Express Nashik Indira Nagar, an IHG Hotel",nashik,Maharashtra,Hotel,2.0,3.8,,4434.0,,,1.0,1.0,0.0,1.0,1.0,1.0,0.0,1.0,0.0,0.0,0.0,0.0,0.0,0.0,1.0,google
Shakuntala Farms - Rustic Farmstay with Modern Comforts,nashik,Maharashtra,Hotel,,4.9,,4745.0,,,1.0,1.0,0.0,1.0,1.0,0.0,0.0,0.0,0.0,0.0,0.0,0.0,0.0,0.0,0.0,google
Hotel Grand Rio,nashik,Maharashtra,Hotel,4.0,4.5,,4016.0,,,1.0,1.0,1.0,0.0,1.0,0.0,0.0,1.0,0.0,0.0,0.0,0.0,0.0,1.0,1.0,google
"Hotel MBC Citadel Nashik ( Near Sula, Trimbakeshwar and MIDC Area )",nashik,Maharashtra,Hotel,,4.2,,3870.0,,,1.0,1.0,0.0,1.0,1.0,0.0,0.0,1.0,0.0,0.0,0.0,0.0,0.0,1.0,1.0,google
Shriram Guest House,nashik,Maharashtra,Hotel,,3.0,,618.0,,,1.0,0.0,1.0,0.0,0.0,0.0,0.0,0.0,0.0,0.0,1.0,0.0,0.0,0.0,0.0,google
Quality Inn Regency,nashik,Maharashtra,Hotel,3.0,3.8,,3210.0,,,1.0,1.0,1.0,1.0,1.0,1.0,0.0,1.0,1.0,0.0,0.0,0.0,0.0,0.0,0.0,google
"Treebo Trend The Utsav, Nashik",nashik,Maharashtra,Hotel,,4.6,,2968.0,,,1.0,1.0,1.0,1.0,1.0,0.0,0.0,1.0,0.0,0.0,0.0,0.0,0.0,0.0,1.0,google
Itsy by Treebo - Oasis Pride,nashik,Maharashtra,Hotel,,4.0,,2217.0,,,1.0,1.0,0.0,1.0,1.0,0.0,0.0,0.0,0.0,0.0,1.0,0.0,0.0,0.0,1.0,google
Best Western Bliss,kanpur,Uttar Pradesh,Hotel,3.0,4.1,,3300.0,,,1.0,1.0,0.0,1.0,1.0,0.0,0.0,1.0,0.0,1.0,0.0,0.0,0.0,0.0,1.0,google
MVR Grand Hotel,kanpur,Uttar Pradesh,Hotel,,4.4,,3744.0,,,1.0,1.0,1.0,0.0,1.0,0.0,0.0,1.0,0.0,0.0,0.0,0.0,0.0,0.0,1.0,google
The Landmark Towers,kanpur,Uttar Pradesh,Hotel,5.0,4.4,,6719.0,,,1.0,1.0,1.0,1.0,1.0,1.0,1.0,0.0,0.0,0.0,0.0,0.0,1.0,0.0,0.0,google
Red Orchid Hotel Kanpur,kanpur,Uttar Pradesh,Hotel,,4.3,,2335.0,,,1.0,1.0,0.0,0.0,1.0,0.0,0.0,1.0,1.0,0.0,0.0,0.0,0.0,0.0,1.0,google
Best Western Bliss,kanpur,Uttar Pradesh,Hotel,3.0,4.1,,3300.0,,,1.0,1.0,0.0,1.0,1.0,0.0,0.0,1.0,0.0,1.0,0.0,0.0,0.0,0.0,1.0,google
Hotel Kartar Yatri Niwas,kanpur,Uttar Pradesh,Hotel,,4.1,,627.0,,,1.0,0.0,0.0,1.0,0.0,0.0,0.0,0.0,0.0,0.0,0.0,0.0,0.0,0.0,1.0,google
Vijay Intercontinental,kanpur,Uttar Pradesh,Hotel,5.0,4.1,,4452.0,,,1.0,1.0,1.0,1.0,1.0,1.0,1.0,0.0,1.0,0.0,0.0,0.0,0.0,0.0,0.0,google
Moon And Mars Resort,kanpur,Uttar Pradesh,Hotel,,4.3,,4242.0,,,1.0,1.0,1.0,1.0,1.0,0.0,0.0,1.0,0.0,0.0,0.0,0.0,0.0,1.0,1.0,google
Status club business Hotel,kanpur,Uttar Pradesh,Hotel,3.0,3.9,,2395.0,,,1.0,1.0,1.0,1.0,1.0,0.0,0.0,1.0,0.0,0.0,0.0,0.0,0.0,1.0,0.0,google
Hotel Bhagyaraj Palace -Best Hotel In Kanpur,kanpur,Uttar Pradesh,Hotel,,4.2,,1826.0,,,1.0,1.0,0.0,0.0,0.0,0.0,0.0,1.0,0.0,0.0,0.0,0.0,0.0,0.0,1.0,google
Hotel The Novelty,kanpur,Uttar Pradesh,Hotel,,4.8,,1800.0,,,1.0,1.0,0.0,1.0,1.0,0.0,0.0,0.0,0.0,0.0,1.0,0.0,0.0,0.0,1.0,google
Little Chef Hotel,kanpur,Uttar Pradesh,Hotel,3.0,4.3,,3679.0,,,1.0,1.0,0.0,1.0,1.0,1.0,0.0,1.0,1.0,0.0,0.0,0.0,0.0,0.0,1.0,google
"Krishna vatika, Krishna nagar Kanpur nagar uttar pradesh",kanpur,Uttar Pradesh,Hotel,,4.2,,2600.0,,,0.0,0.0,0.0,0.0,0.0,0.0,0.0,0.0,0.0,0.0,0.0,0.0,0.0,0.0,0.0,google
THE VILLA,kanpur,Uttar Pradesh,Hotel,3.0,3.9,,3133.0,,,1.0,0.0,1.0,0.0,0.0,0.0,0.0,0.0,0.0,0.0,1.0,0.0,0.0,0.0,0.0,google
Hotel Sant Villa,kanpur,Uttar Pradesh,Hotel,1.0,3.2,,533.0,,,1.0,0.0,0.0,1.0,0.0,0.0,0.0,0.0,0.0,0.0,0.0,0.0,0.0,0.0,0.0,google
Status Club & Resort,kanpur,Uttar Pradesh,Hotel,3.0,4.3,,4040.0,,,0.0,0.0,0.0,1.0,0.0,0.0,0.0,0.0,0.0,0.0,1.0,0.0,0.0,0.0,0.0,google
The Deep Hotel,kanpur,Uttar Pradesh,Hotel,3.0,4.0,,2072.0,,,1.0,1.0,0.0,1.0,1.0,0.0,0.0,1.0,0.0,0.0,0.0,0.0,0.0,0.0,1.0,google
THE ROYAL ORCHID HOTEL | Hotels in Kanpur,kanpur,Uttar Pradesh,Hotel,,4.1,,3280.0,,,1.0,1.0,1.0,0.0,0.0,0.0,0.0,1.0,0.0,0.0,0.0,0.0,0.0,0.0,1.0,google
Little Chef Hotel,kanpur,Uttar Pradesh,Hotel,3.0,4.3,,3679.0,,,1.0,1.0,0.0,1.0,1.0,1.0,0.0,1.0,1.0,0.0,0.0,0.0,0.0,0.0,1.0,google
Hotel Bhagyaraj Palace -Best Hotel In Kanpur,kanpur,Uttar Pradesh,Hotel,,4.2,,2560.0,,,1.0,1.0,0.0,0.0,0.0,0.0,0.0,1.0,0.0,0.0,0.0,0.0,0.0,0.0,1.0,google
The Altius Boutique Hotel,chandigarh,Chandigarh,Hotel,4.0,4.0,,4435.0,,,1.0,1.0,1.0,1.0,1.0,0.0,0.0,1.0,1.0,0.0,0.0,0.0,0.0,0.0,1.0,google
Hotel Oyster,chandigarh,Chandigarh,Hotel,3.0,4.0,,3528.0,,,1.0,1.0,0.0,1.0,1.0,1.0,1.0,1.0,1.0,0.0,0.0,0.0,0.0,0.0,0.0,google
Hotel Emerald Chandigarh,chandigarh,Chandigarh,Hotel,3.0,4.2,,1765.0,,,1.0,0.0,0.0,1.0,1.0,0.0,0.0,1.0,0.0,0.0,1.0,0.0,0.0,1.0,1.0,google
Hotel Aroma Chandigarh,chandigarh,Chandigarh,Hotel,3.0,4.3,,3035.0,,,1.0,1.0,0.0,1.0,1.0,1.0,1.0,1.0,0.0,0.0,0.0,0.0,0.0,0.0,1.0,google
The Altius Boutique Hotel,chandigarh,Chandigarh,Hotel,4.0,4.0,,3003.0,,,1.0,1.0,1.0,1.0,1.0,0.0,0.0,1.0,1.0,0.0,0.0,0.0,0.0,0.0,1.0,google
Hotel The Yellow,chandigarh,Chandigarh,Hotel,,4.1,,1651.0,,,1.0,1.0,0.0,1.0,1.0,0.0,0.0,1.0,0.0,0.0,0.0,0.0,0.0,1.0,1.0,google
Hotel Royal Park 22,chandigarh,Chandigarh,Hotel,3.0,4.3,,2231.0,,,1.0,0.0,0.0,1.0,0.0,0.0,0.0,1.0,0.0,1.0,1.0,0.0,0.0,1.0,0.0,google
Hotel City Palace,chandigarh,Chandigarh,Hotel,,3.4,,461.0,,,1.0,0.0,0.0,1.0,1.0,0.0,0.0,1.0,0.0,0.0,0.0,0.0,0.0,0.0,1.0,google
"The Fern Residency, Chandigarh",chandigarh,Chandigarh,Hotel,3.0,4.0,,4077.0,,,1.0,1.0,0.0,1.0,1.0,0.0,0.0,1.0,1.0,0.0,0.0,0.0,0.0,1.0,1.0,google
Wyndham Chandigarh Mohali,chandigarh,Chandigarh,Hotel,,4.6,,10636.0,,,1.0,1.0,1.0,1.0,1.0,1.0,1.0,1.0,0.0,0.0,0.0,0.0,1.0,0.0,0.0,google
Hotel City Heart Premium,chandigarh,Chandigarh,Hotel,3.0,3.8,,2036.0,,,1.0,1.0,0.0,1.0,1.0,0.0,0.0,1.0,1.0,0.0,0.0,0.0,0.0,0.0,1.0,google
Hotel Pride,chandigarh,Chandigarh,Hotel,2.0,4.5,,1407.0,,,1.0,1.0,0.0,1.0,1.0,0.0,0.0,1.0,0.0,0.0,0.0,0.0,0.0,1.0,1.0,google
The Regent hotel,chandigarh,Chandigarh,Hotel,3.0,3.5,,1950.0,,,1.0,1.0,0.0,1.0,1.0,0.0,0.0,1.0,0.0,0.0,0.0,0.0,0.0,1.0,1.0,google
Hotel Chandigarh Beckons,chandigarh,Chandigarh,Hotel,3.0,4.2,,2808.0,,,1.0,1.0,1.0,1.0,1.0,0.0,0.0,1.0,0.0,0.0,0.0,0.0,0.0,0.0,1.0,google
Taj Chandigarh,chandigarh,Chandigarh,Hotel,5.0,4.4,,15337.0,,,1.0,1.0,1.0,1.0,1.0,1.0,1.0,0.0,0.0,0.0,0.0,0.0,1.0,0.0,0.0,google
The Piccadily Hotel,chandigarh,Chandigarh,Hotel,4.0,4.1,,4656.0,,,1.0,1.0,0.0,1.0,1.0,0.0,0.0,1.0,1.0,0.0,0.0,0.0,0.0,0.0,1.0,google
Amara Hotel,chandigarh,Chandigarh,Hotel,3.0,4.1,,2533.0,,,1.0,0.0,0.0,1.0,1.0,0.0,0.0,1.0,0.0,0.0,0.0,0.0,0.0,1.0,1.0,google
Hotel Landmark Chandigarh,chandigarh,Chandigarh,Hotel,2.0,3.8,,1976.0,,,1.0,1.0,0.0,1.0,1.0,0.0,0.0,1.0,0.0,0.0,0.0,0.0,1.0,0.0,1.0,google
Hotel Park Inn,chandigarh,Chandigarh,Hotel,3.0,4.1,,3506.0,,,1.0,0.0,0.0,1.0,1.0,0.0,0.0,1.0,0.0,0.0,1.0,0.0,0.0,0.0,1.0,google
Kapoor's Homestay Chandigarh,chandigarh,Chandigarh,Hotel,,3.2,,2580.0,,,1.0,1.0,0.0,1.0,0.0,0.0,0.0,0.0,0.0,0.0,0.0,0.0,0.0,0.0,0.0,google
Natures Blessing,chandigarh,Chandigarh,Hotel,,4.9,,2528.0,,,1.0,1.0,0.0,1.0,0.0,0.0,0.0,0.0,0.0,0.0,0.0,0.0,0.0,0.0,0.0,google
Hotel Parkview,chandigarh,Chandigarh,Hotel,,4.0,,2398.0,,,0.0,0.0,0.0,0.0,0.0,0.0,0.0,0.0,0.0,0.0,0.0,0.0,0.0,0.0,0.0,google
Hotel Icon,chandigarh,Chandigarh,Hotel,4.0,4.2,,5544.0,,,1.0,0.0,1.0,1.0,1.0,0.0,0.0,1.0,0.0,0.0,0.0,0.0,0.0,1.0,1.0,google
The Guwahati Address,guwahati,Assam,Hotel,4.0,4.3,,6720.0,,,1.0,1.0,0.0,1.0,1.0,0.0,0.0,1.0,0.0,0.0,0.0,0.0,0.0,1.0,1.0,google
Treebo Trend Umal Homestay,guwahati,Assam,Hotel,3.0,4.5,,2572.0,,,1.0,1.0,1.0,1.0,1.0,0.0,0.0,1.0,0.0,0.0,0.0,0.0,0.0,0.0,0.0,google
"Radisson Blu Hotel, Guwahati",guwahati,Assam,Hotel,5.0,4.5,,7153.0,,,1.0,1.0,1.0,1.0,1.0,1.0,1.0,0.0,0.0,0.0,0.0,0.0,1.0,0.0,0.0,google
Exotic Villa Homestay,guwahati,Assam,Hotel,,4.3,,1026.0,,,1.0,1.0,0.0,0.0,1.0,0.0,0.0,0.0,0.0,0.0,1.0,0.0,0.0,0.0,1.0,google
Vivanta Guwahati,guwahati,Assam,Hotel,5.0,4.4,,9781.0,,,1.0,1.0,1.0,1.0,1.0,1.0,0.0,0.0,0.0,1.0,0.0,0.0,1.0,0.0,0.0,google
"The Greenwood Resort, Guwahati",guwahati,Assam,Hotel,3.0,4.3,,7111.0,,,1.0,1.0,1.0,1.0,1.0,0.0,1.0,1.0,1.0,0.0,0.0,0.0,0.0,0.0,0.0,google
Novotel Guwahati GS Road,guwahati,Assam,Hotel,5.0,4.6,,8623.0,,,1.0,1.0,1.0,1.0,1.0,1.0,1.0,0.0,1.0,0.0,0.0,0.0,0.0,0.0,0.0,google
Ginger Guwahati,guwahati,Assam,Hotel,3.0,3.8,,3358.0,,,1.0,1.0,0.0,1.0,1.0,1.0,0.0,0.0,0.0,0.0,1.0,0.0,0.0,0.0,0.0,google
A P Home's,guwahati,Assam,Hotel,,4.4,,1306.0,,,1.0,0.0,0.0,1.0,0.0,0.0,0.0,0.0,0.0,0.0,0.0,0.0,0.0,0.0,0.0,google
Mahalaxmi Home Stay,guwahati,Assam,Hotel,,4.3,,710.0,,,1.0,1.0,0.0,1.0,1.0,0.0,0.0,1.0,1.0,0.0,0.0,0.0,0.0,1.0,1.0,google
The Ornate,guwahati,Assam,Hotel,3.0,4.2,,4017.0,,,1.0,1.0,0.0,1.0,1.0,0.0,0.0,1.0,1.0,0.0,0.0,0.0,0.0,0.0,1.0,google
Gibbon Backpackers Hostel,guwahati,Assam,Hotel,,4.5,,782.0,,,1.0,1.0,0.0,1.0,1.0,0.0,0.0,1.0,0.0,0.0,0.0,0.0,0.0,0.0,0.0,google
Pragati Manor,guwahati,Assam,Hotel,3.0,4.1,,4451.0,,,1.0,1.0,1.0,1.0,1.0,0.0,0.0,1.0,0.0,0.0,0.0,0.0,0.0,1.0,1.0,google
The Rhino,guwahati,Assam,Hotel,,4.0,,1371.0,,,0.0,0.0,0.0,0.0,0.0,0.0,0.0,0.0,0.0,0.0,0.0,0.0,0.0,0.0,0.0,google
Hiltop Lodge,guwahati,Assam,Hotel,,3.8,,1166.0,,,1.0,1.0,0.0,0.0,0.0,0.0,0.0,0.0,0.0,0.0,0.0,0.0,0.0,0.0,0.0,google
Airport Guest House Guwahati,guwahati,Assam,Hotel,3.0,4.0,,2354.0,,,1.0,1.0,1.0,1.0,1.0,0.0,0.0,1.0,0.0,0.0,0.0,0.0,0.0,0.0,1.0,google
"The Greenwood, Guwahati : A Luxury Boutique Hotel",guwahati,Assam,Hotel,,4.6,,6335.0,,,1.0,1.0,1.0,1.0,1.0,1.0,1.0,1.0,1.0,0.0,0.0,0.0,0.0,0.0,0.0,google
Dula Homestay,guwahati,Assam,Hotel,,4.7,,1034.0,,,1.0,1.0,0.0,1.0,1.0,0.0,0.0,0.0,0.0,0.0,0.0,0.0,0.0,0.0,0.0,google
Luit Vista Guest House (A boutique Heritage property),guwahati,Assam,Hotel,,4.3,,2106.0,,,1.0,1.0,0.0,1.0,1.0,0.0,0.0,1.0,0.0,0.0,1.0,0.0,0.0,1.0,1.0,google
Hotel Dynasty,guwahati,Assam,Hotel,4.0,4.1,,3604.0,,,1.0,1.0,0.0,1.0,1.0,1.0,1.0,1.0,1.0,0.0,0.0,0.0,0.0,0.0,0.0,google
Ratnamouli Palace,guwahati,Assam,Hotel,,4.6,,6720.0,,,1.0,1.0,1.0,1.0,1.0,1.0,1.0,1.0,1.0,0.0,0.0,0.0,0.0,0.0,0.0,google
Treebo Trend Pappilon Palace,mangalore,Karnataka,Hotel,3.0,4.2,,3008.0,,,1.0,1.0,0.0,1.0,1.0,0.0,0.0,0.0,0.0,0.0,1.0,0.0,0.0,0.0,1.0,google
Treebo Trend The Horizon - Hotel in Mangalore,mangalore,Karnataka,Hotel,3.0,4.1,,2738.0,,,1.0,1.0,1.0,1.0,1.0,0.0,0.0,1.0,0.0,0.0,0.0,0.0,0.0,0.0,0.0,google
Rks Beachfront,mangalore,Karnataka,Hotel,,4.8,,4116.0,,,1.0,1.0,1.0,0.0,0.0,0.0,0.0,1.0,1.0,0.0,0.0,0.0,0.0,0.0,1.0,google
Hotel Manorama,mangalore,Karnataka,Hotel,3.0,4.0,,1237.0,,,1.0,1.0,0.0,1.0,0.0,0.0,0.0,0.0,0.0,0.0,1.0,0.0,0.0,1.0,0.0,google
Grand Plaza Hotel,mangalore,Karnataka,Hotel,3.0,3.9,,2580.0,,,1.0,1.0,0.0,1.0,1.0,0.0,0.0,0.0,0.0,0.0,1.0,0.0,0.0,1.0,1.0,google
Hotel Ganga Sagar,mangalore,Karnataka,Hotel,,4.3,,1348.0,,,1.0,0.0,1.0,1.0,1.0,0.0,0.0,1.0,0.0,0.0,1.0,0.0,0.0,0.0,1.0,google
"Vivanta Mangalore, Old Port Road",mangalore,Karnataka,Hotel,4.0,4.2,,6891.0,,,1.0,1.0,1.0,1.0,1.0,1.0,1.0,0.0,0.0,1.0,0.0,0.0,0.0,0.0,0.0,google
Hotel Mangalore International,mangalore,Karnataka,Hotel,3.0,3.8,,1362.0,,,1.0,1.0,1.0,0.0,1.0,0.0,0.0,1.0,0.0,0.0,1.0,0.0,0.0,0.0,1.0,google
Cosmo Lodge,mangalore,Karnataka,Hotel,,3.8,,887.0,,,1.0,1.0,0.0,1.0,1.0,0.0,0.0,0.0,0.0,0.0,1.0,0.0,0.0,0.0,1.0,google
The Sea View,mangalore,Karnataka,Hotel,,4.2,,4777.0,,,1.0,1.0,1.0,0.0,1.0,0.0,1.0,1.0,1.0,0.0,0.0,0.0,0.0,0.0,1.0,google
Hotel Heraa International - The Heraa Inn,mangalore,Karnataka,Hotel,,4.6,,2239.0,,,0.0,0.0,0.0,0.0,0.0,0.0,0.0,0.0,0.0,0.0,0.0,0.0,0.0,0.0,0.0,google
Hotel Poonja International,mangalore,Karnataka,Hotel,3.0,3.5,,1677.0,,,1.0,1.0,0.0,1.0,1.0,0.0,0.0,1.0,0.0,0.0,0.0,0.0,0.0,1.0,1.0,google
THE OCEAN PEARL INN,mangalore,Karnataka,Hotel,,4.3,,4106.0,,,0.0,1.0,0.0,1.0,1.0,0.0,0.0,1.0,0.0,0.0,0.0,0.0,0.0,1.0,1.0,google
The Ocean Pearl,mangalore,Karnataka,Hotel,3.0,4.4,,5891.0,,,1.0,1.0,1.0,1.0,1.0,1.0,1.0,0.0,1.0,0.0,0.0,0.0,0.0,0.0,0.0,google
Royal Plaza Suites,mangalore,Karnataka,Hotel,,4.7,,4409.0,,,1.0,1.0,0.0,1.0,1.0,1.0,0.0,1.0,0.0,0.0,0.0,0.0,0.0,1.0,1.0,google
Goldfinch Hote l Mangaluru,mangalore,Karnataka,Hotel,,4.2,,4619.0,,,1.0,1.0,1.0,0.0,1.0,1.0,0.0,1.0,0.0,0.0,0.0,0.0,0.0,1.0,1.0,google
Hotel Paramount Suites & Service Apartments (Mangalore),mangalore,Karnataka,Hotel,,4.5,,2464.0,,,1.0,1.0,1.0,1.0,0.0,0.0,0.0,0.0,0.0,0.0,0.0,0.0,0.0,0.0,1.0,google
Hotel Plaza Heights,mangalore,Karnataka,Hotel,,4.6,,1937.0,,,1.0,1.0,0.0,1.0,0.0,0.0,0.0,0.0,0.0,0.0,0.0,0.0,0.0,0.0,0.0,google
Woodlands Hotel,mangalore,Karnataka,Hotel,,4.0,,1888.0,,,1.0,1.0,0.0,0.0,1.0,0.0,0.0,1.0,0.0,0.0,1.0,0.0,0.0,0.0,1.0,google
AJ Grand Hotel,mangalore,Karnataka,Hotel,,4.5,,4620.0,,,1.0,1.0,1.0,1.0,1.0,1.0,1.0,1.0,1.0,0.0,0.0,0.0,0.0,0.0,0.0,google
Hotel Ganga Sagar,mangalore,Karnataka,Hotel,,4.3,,1348.0,,,1.0,0.0,1.0,1.0,1.0,0.0,0.0,1.0,0.0,0.0,1.0,0.0,0.0,0.0,1.0,google
The Sea View,mangalore,Karnataka,Hotel,,4.2,,4936.0,,,1.0,1.0,1.0,0.0,1.0,0.0,1.0,1.0,1.0,0.0,0.0,0.0,0.0,0.0,1.0,google
Grand Mercure Mysore,mysore,Karnataka,Hotel,5.0,4.5,,7503.0,,,1.0,1.0,1.0,1.0,1.0,1.0,1.0,0.0,1.0,0.0,0.0,0.0,0.0,0.0,0.0,google
Treebo Trend Akshaya Mahal Inn - Hotel in Mysore,mysore,Karnataka,Hotel,3.0,4.2,,5572.0,,,1.0,1.0,0.0,1.0,1.0,0.0,0.0,1.0,0.0,0.0,1.0,0.0,0.0,0.0,1.0,google
Tulips Homestay | Studio Rooms & Wi-Fi,mysore,Karnataka,Hotel,,4.3,,2195.0,,,1.0,1.0,0.0,1.0,0.0,0.0,0.0,0.0,0.0,0.0,0.0,0.0,0.0,0.0,0.0,google
Lalitha Mahal Palace Hotel,mysore,Karnataka,Hotel,4.0,4.3,,5244.0,,,1.0,1.0,1.0,1.0,1.0,0.0,0.0,1.0,0.0,0.0,0.0,0.0,0.0,0.0,1.0,google
"Hotel Heritage Inn, Mysore",mysore,Karnataka,Hotel,,4.3,,1967.0,,,1.0,1.0,0.0,1.0,1.0,0.0,0.0,1.0,0.0,0.0,1.0,0.0,0.0,0.0,1.0,google
Hotel Garden City,mysore,Karnataka,Hotel,2.0,3.6,,715.0,,,1.0,1.0,0.0,0.0,1.0,0.0,0.0,1.0,0.0,0.0,1.0,0.0,0.0,1.0,1.0,google
Aishwarya Le Royal (Best Budget Hotel in Mysore),mysore,Karnataka,Hotel,3.0,3.7,,1048.0,,,1.0,1.0,0.0,1.0,0.0,0.0,0.0,1.0,0.0,0.0,0.0,0.0,0.0,0.0,0.0,google
Hotel Mayura Hoysala Mysuru,mysore,Karnataka,Hotel,3.0,4.1,,2419.0,,,1.0,1.0,0.0,1.0,1.0,0.0,0.0,1.0,1.0,0.0,0.0,0.0,0.0,1.0,1.0,google
Livaana (Formerly known as Vivaana),mysore,Karnataka,Hotel,,3.8,,2193.0,,,1.0,1.0,1.0,0.0,1.0,0.0,0.0,1.0,1.0,0.0,0.0,0.0,0.0,1.0,1.0,google
Hotel Sandesh The Prince,mysore,Karnataka,Hotel,4.0,4.1,,3008.0,,,1.0,1.0,1.0,1.0,1.0,1.0,1.0,0.0,0.0,0.0,0.0,0.0,1.0,0.0,0.0,google
"Fortune JP Palace, Mysore - Member ITC's hotel group",mysore,Karnataka,Hotel,4.0,4.3,,4880.0,,,1.0,1.0,1.0,1.0,1.0,1.0,1.0,0.0,1.0,0.0,0.0,0.0,0.0,0.0,0.0,google
Grand Mercure Mysore,mysore,Karnataka,Hotel,5.0,4.5,,6000.0,,,1.0,1.0,1.0,1.0,1.0,1.0,1.0,0.0,1.0,0.0,0.0,0.0,0.0,0.0,0.0,google
Country Inn Mysore - Mosaic,mysore,Karnataka,Hotel,,4.5,,4645.0,,,0.0,0.0,0.0,0.0,0.0,0.0,0.0,0.0,0.0,0.0,0.0,0.0,0.0,0.0,0.0,google
Hotel Sepoy Grande,mysore,Karnataka,Hotel,3.0,4.0,,1455.0,,,1.0,1.0,1.0,0.0,0.0,0.0,0.0,1.0,0.0,0.0,0.0,0.0,0.0,1.0,1.0,google
Silent Shores Resort & Spa,mysore,Karnataka,Hotel,4.0,4.3,,6838.0,,,1.0,1.0,1.0,1.0,1.0,1.0,1.0,1.0,0.0,0.0,0.0,0.0,0.0,0.0,0.0,google
Maya's Kings Kourt,mysore,Karnataka,Hotel,3.0,4.1,,1852.0,,,1.0,1.0,0.0,1.0,1.0,0.0,0.0,1.0,1.0,0.0,0.0,0.0,0.0,0.0,1.0,google
Rahee Bi Roambay,mysore,Karnataka,Hotel,,4.5,,1398.0,,,0.0,0.0,0.0,0.0,0.0,0.0,0.0,0.0,0.0,0.0,0.0,0.0,0.0,0.0,0.0,google
REGALIA INN AND SUITES,mysore,Karnataka,Hotel,3.0,4.0,,1628.0,,,1.0,1.0,0.0,1.0,1.0,0.0,0.0,1.0,0.0,0.0,0.0,0.0,0.0,1.0,0.0,google
Hotel Kalyani,mysore,Karnataka,Hotel,2.0,3.9,,1288.0,,,1.0,1.0,0.0,1.0,1.0,0.0,0.0,1.0,1.0,0.0,0.0,0.0,0.0,1.0,1.0,google
Royal Tusker Luxury Service Apartments,mysore,Karnataka,Hotel,,4.9,,2107.0,,,1.0,1.0,0.0,1.0,1.0,0.0,1.0,0.0,0.0,0.0,0.0,0.0,0.0,1.0,0.0,google
Grand Maurya Hotel & Resort,mysore,Karnataka,Hotel,2.0,4.1,,2828.0,,,1.0,1.0,1.0,1.0,1.0,1.0,0.0,1.0,1.0,0.0,0.0,0.0,0.0,0.0,0.0,google
Tulips Homestay Mysore,mysore,Karnataka,Hotel,,4.4,,2387.0,,,1.0,1.0,0.0,0.0,0.0,0.0,0.0,0.0,0.0,0.0,0.0,1.0,0.0,1.0,0.0,google
Hotel Mayura Hoysala Mysuru,mysore,Karnataka,Hotel,3.0,4.1,,2531.0,,,1.0,1.0,0.0,1.0,1.0,0.0,0.0,1.0,1.0,0.0,0.0,0.0,0.0,1.0,1.0,google
Hotel Sandesh The Prince,mysore,Karnataka,Hotel,4.0,4.1,,6551.0,,,1.0,1.0,1.0,1.0,1.0,1.0,1.0,0.0,0.0,0.0,0.0,0.0,1.0,0.0,0.0,google
LP Vilas,dehradun,Uttarakhand,Hotel,4.0,4.4,,5848.0,,,1.0,1.0,1.0,1.0,1.0,1.0,1.0,0.0,0.0,0.0,0.0,0.0,1.0,0.0,0.0,google
Shahanshahi Adventure Park and Wellness Resort,dehradun,Uttarakhand,Hotel,,4.2,,3207.0,,,1.0,1.0,1.0,1.0,1.0,1.0,1.0,0.0,1.0,0.0,0.0,0.0,1.0,0.0,0.0,google
The River's Edge Farm - A Boutique Stay,dehradun,Uttarakhand,Hotel,,4.5,,6114.0,,,1.0,1.0,0.0,1.0,1.0,0.0,0.0,0.0,0.0,1.0,1.0,0.0,0.0,1.0,1.0,google
Mango Tree Courtyard,dehradun,Uttarakhand,Hotel,,4.7,,2285.0,,,0.0,1.0,0.0,1.0,1.0,0.0,0.0,1.0,0.0,0.0,1.0,0.0,0.0,0.0,1.0,google
Hyatt Regency Dehradun Resort and Spa,dehradun,Uttarakhand,Hotel,5.0,4.6,,20562.0,,,1.0,1.0,1.0,1.0,1.0,1.0,1.0,0.0,0.0,1.0,0.0,0.0,0.0,0.0,0.0,google
The Hosteller Dehradun,dehradun,Uttarakhand,Hotel,,4.8,,1315.0,,,1.0,1.0,0.0,1.0,1.0,0.0,0.0,1.0,0.0,0.0,0.0,0.0,0.0,0.0,0.0,google
Adidev Group of Homestays,dehradun,Uttarakhand,Hotel,,4.6,,1005.0,,,1.0,1.0,0.0,0.0,1.0,0.0,0.0,0.0,0.0,0.0,0.0,0.0,0.0,0.0,0.0,google
Riverstone Cottages,dehradun,Uttarakhand,Hotel,3.0,4.0,,4686.0,,,1.0,1.0,1.0,1.0,1.0,0.0,0.0,1.0,0.0,0.0,1.0,0.0,0.0,0.0,0.0,google
Ramada by Wyndham,dehradun,Uttarakhand,Hotel,4.0,4.2,,6131.0,,,1.0,1.0,1.0,1.0,1.0,1.0,0.0,1.0,1.0,0.0,0.0,0.0,0.0,0.0,0.0,google
"Tree of Life Resort, Dehradun Foothills",dehradun,Uttarakhand,Hotel,,4.5,,6176.0,,,1.0,1.0,1.0,0.0,1.0,0.0,0.0,1.0,0.0,1.0,0.0,0.0,0.0,0.0,1.0,google
Hotel Rajpur Heights,dehradun,Uttarakhand,Hotel,3.0,4.0,,2169.0,,,1.0,1.0,0.0,1.0,1.0,0.0,0.0,1.0,0.0,0.0,0.0,0.0,0.0,1.0,1.0,google
Bhagwant Villa - A terrace view,dehradun,Uttarakhand,Hotel,,4.4,,2090.0,,,0.0,1.0,0.0,0.0,0.0,0.0,0.0,0.0,0.0,0.0,0.0,0.0,0.0,0.0,0.0,google
Fairfield by Marriott Dehradun,dehradun,Uttarakhand,Hotel,4.0,4.4,,11682.0,,,1.0,1.0,1.0,1.0,1.0,1.0,0.0,1.0,0.0,0.0,0.0,0.0,0.0,0.0,1.0,google
The Sal Woods - Forest Retreat and Spa,dehradun,Uttarakhand,Hotel,3.0,3.9,,6384.0,,,1.0,1.0,1.0,1.0,1.0,0.0,1.0,1.0,0.0,1.0,0.0,0.0,0.0,0.0,0.0,google
Old British House,dehradun,Uttarakhand,Hotel,,4.7,,1923.0,,,1.0,1.0,0.0,1.0,1.0,0.0,0.0,1.0,0.0,0.0,0.0,0.0,0.0,1.0,0.0,google
LP Vilas,dehradun,Uttarakhand,Hotel,4.0,4.4,,4925.0,,,1.0,1.0,1.0,1.0,1.0,1.0,1.0,0.0,0.0,0.0,0.0,0.0,1.0,0.0,0.0,google
Hotel JSR Continental,dehradun,Uttarakhand,Hotel,3.0,3.9,,3843.0,,,1.0,1.0,1.0,1.0,1.0,1.0,1.0,0.0,0.0,0.0,0.0,0.0,1.0,0.0,0.0,google
Clarion Hotel Dehradun,dehradun,Uttarakhand,Hotel,,4.4,,3728.0,,,0.0,0.0,0.0,0.0,0.0,0.0,0.0,0.0,0.0,0.0,0.0,0.0,0.0,0.0,0.0,google
Hotel Embassy Dehradun & The Trekkers Hostel,dehradun,Uttarakhand,Hotel,3.0,3.8,,1069.0,,,1.0,1.0,0.0,1.0,1.0,0.0,0.0,1.0,0.0,0.0,1.0,0.0,0.0,0.0,1.0,google
Mango Tree Courtyard | Heritage Rooms with Wi-Fi,dehradun,Uttarakhand,Hotel,,4.5,,3775.0,,,1.0,1.0,0.0,1.0,0.0,0.0,0.0,0.0,0.0,0.0,0.0,0.0,0.0,0.0,0.0,google
Treebo Trend Elysee,dehradun,Uttarakhand,Hotel,,3.8,,9035.0,,,1.0,1.0,0.0,1.0,1.0,0.0,0.0,1.0,0.0,0.0,0.0,0.0,0.0,1.0,1.0,google
Treebo Trend Blessing Bells,dehradun,Uttarakhand,Hotel,3.0,4.0,,9037.0,,,1.0,1.0,0.0,1.0,1.0,0.0,0.0,1.0,0.0,0.0,1.0,0.0,0.0,0.0,1.0,google
Walisons Hotel,srinagar,Jammu and Kashmir,Hotel,3.0,4.2,,3780.0,,,1.0,1.0,0.0,0.0,1.0,0.0,0.0,1.0,0.0,0.0,1.0,0.0,0.0,1.0,0.0,google
"The Montreal, Srinagar- Best Hotels/4 Star Hotels/Hotel Near Dal Lake/Hotel Near Mughal Garden",srinagar,Jammu and Kashmir,Hotel,,4.4,,8991.0,,,1.0,1.0,0.0,1.0,1.0,0.0,0.0,1.0,0.0,0.0,0.0,0.0,0.0,1.0,1.0,google
Zostel Srinagar,srinagar,Jammu and Kashmir,Hotel,,4.5,,1853.0,,,1.0,1.0,0.0,1.0,1.0,0.0,0.0,1.0,0.0,0.0,0.0,0.0,0.0,1.0,0.0,google
The Shelter Heritage A Boutique Hotel,srinagar,Jammu and Kashmir,Hotel,,4.5,,2510.0,,,1.0,1.0,0.0,1.0,1.0,0.0,0.0,1.0,0.0,0.0,0.0,0.0,0.0,1.0,1.0,google
Hotel Samar,srinagar,Jammu and Kashmir,Hotel,3.0,4.2,,1669.0,,,1.0,1.0,0.0,0.0,1.0,0.0,0.0,1.0,0.0,0.0,1.0,0.0,0.0,1.0,0.0,google
Jamal Resorts,srinagar,Jammu and Kashmir,Hotel,4.0,4.0,,4215.0,,,1.0,1.0,0.0,1.0,1.0,0.0,0.0,1.0,0.0,1.0,0.0,0.0,0.0,1.0,1.0,google
Hotel Himalayan Resort,srinagar,Jammu and Kashmir,Hotel,3.0,4.1,,3920.0,,,1.0,1.0,0.0,0.0,1.0,0.0,0.0,1.0,1.0,1.0,0.0,0.0,0.0,0.0,1.0,google
Hotel New Green View Srinagar (Ghulam),srinagar,Jammu and Kashmir,Hotel,,3.8,,723.0,,,0.0,0.0,0.0,0.0,0.0,0.0,0.0,0.0,0.0,0.0,0.0,0.0,0.0,0.0,0.0,google
Asian Park Hotel,srinagar,Jammu and Kashmir,Hotel,4.0,3.8,,4456.0,,,1.0,1.0,0.0,1.0,1.0,0.0,0.0,1.0,0.0,0.0,0.0,0.0,0.0,1.0,1.0,google
The victory (A Boutique Hotel),srinagar,Jammu and Kashmir,Hotel,3.0,4.0,,3686.0,,,1.0,1.0,0.0,1.0,1.0,0.0,0.0,1.0,0.0,0.0,0.0,0.0,0.0,1.0,0.0,google
Hotel Sultan Residency,srinagar,Jammu and Kashmir,Hotel,,4.6,,1848.0,,,1.0,1.0,0.0,1.0,1.0,0.0,0.0,1.0,0.0,1.0,0.0,0.0,0.0,1.0,1.0,google
Hotel Royal Heritage,srinagar,Jammu and Kashmir,Hotel,3.0,4.2,,3935.0,,,1.0,1.0,1.0,0.0,1.0,0.0,0.0,1.0,0.0,0.0,0.0,0.0,0.0,0.0,1.0,google
"The Montreal, Srinagar- Best Hotels/4 Star Hotels/Hotel Near Dal Lake/Hotel Near Mughal Garden",srinagar,Jammu and Kashmir,Hotel,,4.4,,5142.0,,,1.0,1.0,0.0,1.0,1.0,0.0,0.0,1.0,0.0,0.0,0.0,0.0,0.0,1.0,1.0,google
Floating Heritage Group,srinagar,Jammu and Kashmir,Hotel,4.0,3.9,,1344.0,,,1.0,1.0,1.0,1.0,1.0,1.0,0.0,0.0,0.0,1.0,0.0,0.0,1.0,0.0,0.0,google
Hotel Kashmir Inn,srinagar,Jammu and Kashmir,Hotel,2.0,3.9,,826.0,,,1.0,1.0,1.0,0.0,1.0,0.0,0.0,0.0,0.0,0.0,1.0,0.0,0.0,1.0,0.0,google
Hotel Merlin Palace,srinagar,Jammu and Kashmir,Hotel,,4.8,,1344.0,,,0.0,0.0,0.0,0.0,0.0,0.0,0.0,0.0,0.0,0.0,0.0,0.0,0.0,0.0,0.0,google
Hotel Kashmir Hilltown,srinagar,Jammu and Kashmir,Hotel,3.0,3.8,,1700.0,,,1.0,1.0,1.0,0.0,0.0,0.0,0.0,0.0,0.0,0.0,1.0,0.0,0.0,0.0,0.0,google
Hotel Zaryab,srinagar,Jammu and Kashmir,Hotel,,4.7,,5679.0,,,1.0,1.0,0.0,1.0,1.0,0.0,0.0,1.0,0.0,0.0,0.0,0.0,0.0,0.0,1.0,google
Hotel Meridien,srinagar,Jammu and Kashmir,Hotel,3.0,4.0,,3632.0,,,1.0,1.0,1.0,0.0,1.0,0.0,0.0,1.0,0.0,0.0,0.0,0.0,0.0,0.0,1.0,google
Hotel Lake Scene,srinagar,Jammu and Kashmir,Hotel,,3.4,,664.0,,,0.0,0.0,0.0,0.0,0.0,0.0,0.0,0.0,0.0,0.0,0.0,0.0,0.0,0.0,0.0,google
"The Orchard Retreat & Spa, Srinagar",srinagar,Jammu and Kashmir,Hotel,5.0,4.3,,14172.0,,,1.0,1.0,1.0,1.0,1.0,1.0,1.0,0.0,0.0,0.0,0.0,0.0,1.0,0.0,0.0,google
Radisson Hotel Srinagar,srinagar,Jammu and Kashmir,Hotel,3.0,4.1,,14160.0,,,1.0,1.0,1.0,1.0,1.0,0.0,1.0,1.0,0.0,0.0,0.0,0.0,0.0,0.0,1.0,google
Centre Point,jamshedpur,Jharkhand,Hotel,4.0,4.2,,4480.0,,,1.0,1.0,1.0,1.0,1.0,1.0,0.0,1.0,0.0,0.0,0.0,0.0,0.0,0.0,1.0,google
Hotel Golden Heights - Best Hotel | Budget Hotel | Best Review Hotel in Jamshedpur,jamshedpur,Jharkhand,Hotel,,4.2,,1762.0,,,1.0,0.0,1.0,0.0,0.0,0.0,0.0,1.0,0.0,0.0,0.0,0.0,0.0,0.0,0.0,google
The Cruze,jamshedpur,Jharkhand,Hotel,,4.2,,5664.0,,,0.0,0.0,0.0,0.0,0.0,0.0,0.0,0.0,0.0,0.0,0.0,0.0,0.0,0.0,0.0,google
Hotel AB Palace - Top Budget & Luxury Hotels in Jamshedpur,jamshedpur,Jharkhand,Hotel,3.0,4.0,,1384.0,,,0.0,1.0,0.0,1.0,1.0,0.0,0.0,1.0,0.0,0.0,1.0,0.0,0.0,1.0,1.0,google
The Bizton,jamshedpur,Jharkhand,Hotel,,4.5,,5550.0,,,1.0,1.0,1.0,1.0,1.0,1.0,0.0,1.0,0.0,0.0,0.0,0.0,0.0,0.0,1.0,google
Adarsh Guest House,jamshedpur,Jharkhand,Hotel,4.0,4.5,,448.0,,,1.0,1.0,1.0,1.0,1.0,0.0,0.0,1.0,0.0,0.0,0.0,0.0,0.0,0.0,1.0,google
Ramada by Wyndham Jamshedpur,jamshedpur,Jharkhand,Hotel,3.0,4.2,,5008.0,,,1.0,1.0,1.0,1.0,1.0,1.0,1.0,0.0,0.0,0.0,0.0,0.0,1.0,0.0,0.0,google
The Onyx Hotel - Hotel in Jamshedpur,jamshedpur,Jharkhand,Hotel,3.0,4.3,,2284.0,,,1.0,0.0,0.0,1.0,1.0,0.0,0.0,1.0,0.0,0.0,1.0,0.0,0.0,1.0,1.0,google
Hotel Trax International,jamshedpur,Jharkhand,Hotel,,4.7,,1972.0,,,1.0,1.0,0.0,1.0,1.0,0.0,0.0,1.0,1.0,0.0,0.0,0.0,0.0,1.0,1.0,google
The Altira Hotel,jamshedpur,Jharkhand,Hotel,3.0,4.1,,1477.0,,,1.0,1.0,0.0,1.0,1.0,0.0,0.0,1.0,0.0,0.0,1.0,0.0,0.0,0.0,0.0,google
NOVANTA JAMSHEDPUR,jamshedpur,Jharkhand,Hotel,,4.4,,6689.0,,,1.0,1.0,0.0,1.0,1.0,1.0,0.0,1.0,0.0,0.0,0.0,0.0,0.0,1.0,1.0,google
Ginger Jamshedpur,jamshedpur,Jharkhand,Hotel,3.0,4.0,,3135.0,,,1.0,1.0,0.0,1.0,1.0,1.0,0.0,0.0,0.0,0.0,1.0,0.0,0.0,0.0,0.0,google
"The Sonnet, Jamshedpur",jamshedpur,Jharkhand,Hotel,3.0,4.3,,3554.0,,,1.0,1.0,0.0,1.0,1.0,1.0,0.0,1.0,1.0,0.0,0.0,0.0,0.0,0.0,1.0,google
HOTEL DS INTERNATIONAL & KALYANAM BANQUET HALL,jamshedpur,Jharkhand,Hotel,,4.1,,2668.0,,,1.0,1.0,0.0,1.0,1.0,0.0,0.0,1.0,1.0,0.0,0.0,0.0,0.0,1.0,1.0,google
Madhuban Motel,jamshedpur,Jharkhand,Hotel,,4.0,,2726.0,,,1.0,1.0,0.0,1.0,1.0,0.0,0.0,1.0,0.0,0.0,1.0,0.0,0.0,0.0,1.0,google
Capsule Pod Hotel,jamshedpur,Jharkhand,Hotel,,4.4,,1073.0,,,0.0,0.0,0.0,0.0,0.0,0.0,0.0,0.0,0.0,0.0,0.0,0.0,0.0,0.0,0.0,google
Hotel Chandra,jamshedpur,Jharkhand,Hotel,2.0,4.1,,729.0,,,1.0,0.0,0.0,1.0,1.0,0.0,0.0,0.0,0.0,0.0,1.0,0.0,0.0,0.0,1.0,google
Hotel Grand Residency,jamshedpur,Jharkhand,Hotel,,4.0,,2281.0,,,1.0,0.0,1.0,0.0,1.0,0.0,0.0,1.0,0.0,0.0,0.0,0.0,0.0,0.0,1.0,google
Treebo Trend Pal Comfort - Hotel in Jamshedpur,jamshedpur,Jharkhand,Hotel,3.0,4.2,,2142.0,,,1.0,0.0,0.0,1.0,1.0,0.0,0.0,1.0,0.0,0.0,1.0,0.0,0.0,1.0,1.0,google
Gyani's Hotel,jamshedpur,Jharkhand,Hotel,,4.6,,1779.0,,,1.0,1.0,0.0,1.0,1.0,0.0,0.0,1.0,0.0,0.0,0.0,0.0,0.0,0.0,1.0,google
THE PRABHA INTERNATIONAL HOTEL & CATERERS,gwalior,Madhya Pradesh,Hotel,,4.0,,2158.0,,,1.0,1.0,0.0,1.0,1.0,0.0,0.0,1.0,0.0,0.0,0.0,0.0,1.0,1.0,1.0,google
Hotel Ambience,gwalior,Madhya Pradesh,Hotel,3.0,3.9,,2191.0,,,1.0,1.0,1.0,1.0,1.0,0.0,0.0,1.0,0.0,0.0,0.0,0.0,0.0,1.0,1.0,google
Hotel Solitaire Inn,gwalior,Madhya Pradesh,Hotel,3.0,3.9,,1372.0,,,1.0,1.0,0.0,1.0,1.0,0.0,0.0,0.0,0.0,0.0,1.0,0.0,0.0,0.0,1.0,google
Radisson Gwalior,gwalior,Madhya Pradesh,Hotel,5.0,4.3,,6160.0,,,1.0,1.0,1.0,1.0,1.0,1.0,0.0,1.0,1.0,0.0,0.0,0.0,0.0,0.0,0.0,google
Hotel Countryside,gwalior,Madhya Pradesh,Hotel,,3.1,,1230.0,,,0.0,0.0,0.0,0.0,0.0,0.0,0.0,0.0,0.0,0.0,0.0,0.0,0.0,0.0,0.0,google
The Empire Resort,gwalior,Madhya Pradesh,Hotel,,4.3,,2785.0,,,1.0,1.0,0.0,1.0,1.0,0.0,1.0,1.0,0.0,1.0,0.0,0.0,0.0,0.0,1.0,google
Clarks Inn Suites Gwalior,gwalior,Madhya Pradesh,Hotel,4.0,4.4,,4280.0,,,1.0,1.0,1.0,1.0,1.0,1.0,1.0,1.0,0.0,0.0,0.0,0.0,0.0,0.0,0.0,google
The Moziac Hotel,gwalior,Madhya Pradesh,Hotel,,4.0,,2116.0,,,1.0,1.0,0.0,1.0,1.0,0.0,1.0,1.0,0.0,0.0,0.0,0.0,0.0,0.0,1.0,google
"Taj Usha Kiran Palace, Gwalior",gwalior,Madhya Pradesh,Hotel,5.0,4.5,,20894.0,,,1.0,1.0,1.0,1.0,1.0,1.0,1.0,0.0,1.0,0.0,0.0,0.0,0.0,0.0,0.0,google
Imperial Golf Resort and Wedding Lawns,gwalior,Madhya Pradesh,Hotel,,4.5,,12458.0,,,0.0,0.0,0.0,0.0,0.0,0.0,0.0,0.0,0.0,0.0,0.0,0.0,0.0,0.0,0.0,google
Hotel Gold Inn,gwalior,Madhya Pradesh,Hotel,,3.9,,2034.0,,,1.0,1.0,0.0,0.0,0.0,0.0,0.0,1.0,0.0,0.0,0.0,0.0,0.0,0.0,1.0,google
Hotel Ambience,gwalior,Madhya Pradesh,Hotel,3.0,3.9,,2191.0,,,1.0,1.0,1.0,1.0,1.0,0.0,0.0,1.0,0.0,0.0,0.0,0.0,0.0,1.0,1.0,google
Hotel Anand Palace,gwalior,Madhya Pradesh,Hotel,3.0,3.7,,1119.0,,,1.0,0.0,0.0,1.0,1.0,0.0,0.0,1.0,0.0,1.0,0.0,0.0,0.0,1.0,1.0,google
THE PRABHA INTERNATIONAL HOTEL & CATERERS,gwalior,Madhya Pradesh,Hotel,,4.0,,2116.0,,,1.0,1.0,0.0,1.0,1.0,0.0,0.0,1.0,0.0,0.0,0.0,0.0,1.0,1.0,1.0,google
Royal Sunrise Resort,gwalior,Madhya Pradesh,Hotel,,3.9,,3232.0,,,1.0,1.0,1.0,0.0,0.0,0.0,0.0,0.0,0.0,0.0,0.0,0.0,0.0,0.0,0.0,google
Krishnam Guest House,gwalior,Madhya Pradesh,Hotel,,4.0,,1115.0,,,0.0,0.0,0.0,0.0,0.0,0.0,0.0,0.0,0.0,0.0,0.0,0.0,0.0,0.0,0.0,google
Hotel Centella,gwalior,Madhya Pradesh,Hotel,,4.1,,2567.0,,,1.0,1.0,0.0,1.0,1.0,0.0,0.0,1.0,0.0,0.0,0.0,0.0,0.0,0.0,1.0,google
Chaitanya Kalyan Guest House,gwalior,Madhya Pradesh,Hotel,,3.7,,672.0,,,0.0,0.0,0.0,0.0,0.0,0.0,0.0,0.0,0.0,0.0,0.0,0.0,0.0,0.0,0.0,google
Dera Haveli Heritage Homestay,gwalior,Madhya Pradesh,Hotel,,4.3,,4312.0,,,1.0,0.0,1.0,1.0,1.0,0.0,0.0,1.0,0.0,0.0,1.0,0.0,0.0,0.0,1.0,google
Govind Niwas Home Stay,gwalior,Madhya Pradesh,Hotel,,2.6,,1304.0,,,1.0,1.0,0.0,1.0,0.0,0.0,0.0,0.0,0.0,0.0,0.0,0.0,0.0,0.0,0.0,google
Clarks Inn Suites Gwalior,gwalior,Madhya Pradesh,Hotel,4.0,4.4,,4622.0,,,1.0,1.0,1.0,1.0,1.0,1.0,1.0,1.0,0.0,0.0,0.0,0.0,0.0,0.0,0.0,google
The Central Park Hotel,gwalior,Madhya Pradesh,Hotel,4.0,3.9,,5641.0,,,1.0,1.0,1.0,1.0,1.0,1.0,0.0,1.0,1.0,0.0,0.0,0.0,0.0,0.0,0.0,google
Treebo Trend Baby Pearl,amravati,Maharashtra,Hotel,3.0,3.9,,1909.0,,,1.0,1.0,1.0,1.0,1.0,0.0,0.0,1.0,0.0,0.0,0.0,0.0,0.0,0.0,1.0,google
Hotel Gouri Inn,amravati,Maharashtra,Hotel,3.0,3.9,,2225.0,,,1.0,1.0,0.0,1.0,1.0,0.0,0.0,1.0,0.0,0.0,0.0,0.0,0.0,0.0,1.0,google
Hotel Regency,amravati,Maharashtra,Hotel,3.0,4.1,,969.0,,,1.0,1.0,0.0,0.0,1.0,0.0,0.0,0.0,0.0,0.0,1.0,0.0,0.0,0.0,1.0,google
The Grand Mehfil,amravati,Maharashtra,Hotel,4.0,4.3,,4021.0,,,1.0,1.0,1.0,1.0,1.0,0.0,0.0,1.0,0.0,0.0,0.0,0.0,0.0,1.0,1.0,google
Maniratna Resort,amravati,Maharashtra,Hotel,,4.0,,3588.0,,,0.0,0.0,0.0,0.0,0.0,0.0,0.0,0.0,0.0,0.0,0.0,0.0,0.0,0.0,0.0,google
Hotel Rangoli Pearl,amravati,Maharashtra,Hotel,1.0,4.1,,3130.0,,,1.0,1.0,1.0,1.0,1.0,0.0,0.0,1.0,0.0,0.0,0.0,0.0,0.0,1.0,1.0,google
The Grand Mehfil,amravati,Maharashtra,Hotel,,3.9,,3880.0,,,0.0,0.0,0.0,0.0,0.0,0.0,0.0,0.0,0.0,0.0,0.0,0.0,0.0,0.0,0.0,google
Hotel Gouri Inn,amravati,Maharashtra,Hotel,3.0,3.9,,1940.0,,,1.0,1.0,0.0,1.0,1.0,0.0,0.0,1.0,0.0,0.0,0.0,0.0,0.0,0.0,1.0,google
Empire Stay,amravati,Maharashtra,Hotel,,4.5,,2808.0,,,1.0,1.0,1.0,1.0,1.0,0.0,0.0,1.0,0.0,0.0,0.0,0.0,0.0,1.0,1.0,google
Hotel Four Season,amravati,Maharashtra,Hotel,,3.5,,2973.0,,,0.0,0.0,0.0,0.0,0.0,0.0,0.0,0.0,0.0,0.0,0.0,0.0,0.0,0.0,0.0,google
The Prime Park,amravati,Maharashtra,Hotel,,4.3,,3394.0,,,0.0,0.0,0.0,0.0,0.0,0.0,0.0,0.0,0.0,0.0,0.0,0.0,0.0,0.0,0.0,google
Treebo Trend Baby Pearl,amravati,Maharashtra,Hotel,3.0,3.9,,1904.0,,,1.0,1.0,1.0,1.0,1.0,0.0,0.0,1.0,0.0,0.0,0.0,0.0,0.0,0.0,1.0,google
Hotel Vandu International,amravati,Maharashtra,Hotel,3.0,4.0,,2526.0,,,1.0,1.0,0.0,1.0,1.0,0.0,0.0,1.0,0.0,0.0,0.0,0.0,0.0,0.0,1.0,google
Hotel Rajdhani,amravati,Maharashtra,Hotel,,4.0,,1568.0,,,1.0,0.0,0.0,1.0,1.0,0.0,0.0,0.0,0.0,1.0,1.0,0.0,0.0,1.0,0.0,google
Hotel Excel Executive,amravati,Maharashtra,Hotel,3.0,3.8,,1830.0,,,1.0,1.0,1.0,1.0,0.0,0.0,0.0,1.0,0.0,1.0,0.0,0.0,0.0,0.0,1.0,google
Hotel Regency,amravati,Maharashtra,Hotel,3.0,4.1,,1276.0,,,1.0,1.0,0.0,0.0,1.0,0.0,0.0,0.0,0.0,0.0,1.0,0.0,0.0,0.0,1.0,google
Hotel Rangoli Pearl,amravati,Maharashtra,Hotel,1.0,4.1,,3130.0,,,1.0,1.0,1.0,1.0,1.0,0.0,0.0,1.0,0.0,0.0,0.0,0.0,0.0,1.0,1.0,google
"The Peerless Inn, Durgapur",durgapur,West Bengal,Hotel,3.0,4.0,,2589.0,,,1.0,1.0,0.0,1.0,1.0,1.0,0.0,1.0,0.0,0.0,0.0,0.0,0.0,0.0,1.0,google
The Citi Residenci Hotel,durgapur,West Bengal,Hotel,,4.2,,2576.0,,,1.0,1.0,1.0,0.0,1.0,1.0,1.0,1.0,1.0,0.0,0.0,0.0,0.0,0.0,1.0,google
The Citi Residenci Hotel,durgapur,West Bengal,Hotel,,4.2,,2473.0,,,1.0,1.0,1.0,0.0,1.0,1.0,1.0,1.0,1.0,0.0,0.0,0.0,0.0,0.0,1.0,google
"Fortune Park Pushpanjali, Durgapur - Member ITC's hotel group",durgapur,West Bengal,Hotel,4.0,4.6,,5881.0,,,1.0,1.0,1.0,1.0,1.0,1.0,1.0,0.0,1.0,0.0,0.0,0.0,0.0,0.0,0.0,google
HOTEL GALAXY INN,durgapur,West Bengal,Hotel,3.0,3.6,,795.0,,,1.0,1.0,0.0,1.0,1.0,0.0,0.0,0.0,0.0,0.0,1.0,0.0,0.0,1.0,1.0,google
"The Peerless Inn, Durgapur",durgapur,West Bengal,Hotel,3.0,4.0,,2589.0,,,1.0,1.0,0.0,1.0,1.0,1.0,0.0,1.0,0.0,0.0,0.0,0.0,0.0,0.0,1.0,google
The Damodar Retreat,durgapur,West Bengal,Hotel,,4.6,,2183.0,,,1.0,1.0,0.0,1.0,1.0,0.0,0.0,1.0,0.0,0.0,1.0,0.0,0.0,0.0,1.0,google
Banerjee Inn- City Centre,durgapur,West Bengal,Hotel,3.0,4.1,,1764.0,,,1.0,0.0,1.0,1.0,1.0,0.0,0.0,1.0,1.0,0.0,0.0,0.0,0.0,0.0,1.0,google
City International Hotel,durgapur,West Bengal,Hotel,3.0,3.8,,1518.0,,,0.0,1.0,0.0,1.0,0.0,0.0,0.0,1.0,0.0,0.0,1.0,0.0,0.0,1.0,0.0,google
Morvee Hotels Durgapur,durgapur,West Bengal,Hotel,,4.4,,2245.0,,,1.0,1.0,0.0,0.0,1.0,0.0,1.0,1.0,0.0,0.0,0.0,0.0,0.0,1.0,1.0,google
Kalpana Inn,durgapur,West Bengal,Hotel,3.0,4.0,,1223.0,,,1.0,1.0,1.0,1.0,1.0,0.0,0.0,1.0,0.0,0.0,0.0,0.0,0.0,0.0,1.0,google
The Spices,durgapur,West Bengal,Hotel,,4.0,,1663.0,,,0.0,0.0,0.0,0.0,0.0,0.0,0.0,0.0,0.0,0.0,0.0,0.0,0.0,0.0,0.0,google
Hotel Steel Regency,durgapur,West Bengal,Hotel,,3.6,,1039.0,,,1.0,1.0,0.0,1.0,1.0,0.0,0.0,0.0,0.0,0.0,1.0,0.0,0.0,1.0,1.0,google
Hotel Astor,durgapur,West Bengal,Hotel,,4.3,,1992.0,,,1.0,1.0,1.0,0.0,1.0,0.0,0.0,1.0,0.0,0.0,0.0,0.0,0.0,0.0,1.0,google
Park prime hotel,durgapur,West Bengal,Hotel,3.0,3.9,,2388.0,,,1.0,0.0,1.0,0.0,1.0,0.0,0.0,1.0,0.0,0.0,0.0,0.0,0.0,0.0,1.0,google
OJAS HOTEL & RESORT,durgapur,West Bengal,Hotel,,4.4,,1985.0,,,1.0,1.0,0.0,1.0,1.0,0.0,0.0,1.0,1.0,0.0,0.0,0.0,0.0,1.0,1.0,google
Kohinoor Hotel and Restaurant Benachity (A Legend since 1956),durgapur,West Bengal,Hotel,,3.7,,1280.0,,,0.0,0.0,0.0,0.0,0.0,0.0,0.0,0.0,0.0,0.0,0.0,0.0,0.0,0.0,0.0,google
Hotel ASTOR,durgapur,West Bengal,Hotel,,4.5,,2047.0,,,1.0,0.0,1.0,0.0,1.0,0.0,0.0,1.0,0.0,0.0,0.0,0.0,0.0,0.0,1.0,google
Morvee Hotels Durgapur,durgapur,West Bengal,Hotel,,4.4,,2245.0,,,1.0,1.0,0.0,0.0,1.0,0.0,1.0,1.0,0.0,0.0,0.0,0.0,0.0,1.0,1.0,google
OJAS HOTEL & RESORT,durgapur,West Bengal,Hotel,,4.4,,2046.0,,,1.0,1.0,0.0,1.0,1.0,0.0,0.0,1.0,1.0,0.0,0.0,0.0,0.0,1.0,1.0,google
Treebo Trend Winsome Banquet And Resort,ranchi,Jharkhand,Hotel,,4.6,,2304.0,,,1.0,1.0,1.0,0.0,1.0,0.0,0.0,1.0,0.0,0.0,0.0,0.0,0.0,0.0,1.0,google
Treebo Trend Archie Regency,ranchi,Jharkhand,Hotel,3.0,4.0,,2205.0,,,1.0,0.0,0.0,1.0,1.0,0.0,0.0,1.0,0.0,0.0,1.0,0.0,0.0,0.0,1.0,google
Radisson Blu Hotel Ranchi,ranchi,Jharkhand,Hotel,5.0,4.5,,8047.0,,,1.0,1.0,1.0,1.0,1.0,1.0,1.0,0.0,0.0,0.0,0.0,0.0,1.0,0.0,0.0,google
"FabHotel Accord - Hotel in Ranchi Railway Station, Ranchi",ranchi,Jharkhand,Hotel,,4.6,,2426.0,,,1.0,1.0,1.0,1.0,1.0,0.0,0.0,1.0,0.0,0.0,1.0,0.0,0.0,0.0,1.0,google
Park Prime Ranchi,ranchi,Jharkhand,Hotel,3.0,4.0,,3931.0,,,1.0,1.0,1.0,1.0,1.0,1.0,1.0,0.0,0.0,1.0,0.0,0.0,0.0,0.0,0.0,google
Treebo Trend Winsome Banquet And Resort,ranchi,Jharkhand,Hotel,,4.6,,2304.0,,,1.0,1.0,1.0,0.0,1.0,0.0,0.0,1.0,0.0,0.0,0.0,0.0,0.0,0.0,1.0,google
Hotel Meera,ranchi,Jharkhand,Hotel,,4.2,,645.0,,,1.0,0.0,1.0,1.0,0.0,0.0,0.0,0.0,0.0,0.0,1.0,0.0,0.0,0.0,0.0,google
The Royal Retreat,ranchi,Jharkhand,Hotel,,4.2,,4140.0,,,1.0,1.0,1.0,1.0,1.0,1.0,0.0,1.0,1.0,0.0,0.0,0.0,0.0,0.0,1.0,google
Maplewood Hotel,ranchi,Jharkhand,Hotel,3.0,4.1,,3121.0,,,1.0,1.0,0.0,1.0,1.0,0.0,0.0,1.0,0.0,0.0,0.0,0.0,0.0,0.0,1.0,google
Hotel Kuber Palace,ranchi,Jharkhand,Hotel,1.0,4.6,,1120.0,,,1.0,1.0,1.0,1.0,1.0,0.0,0.0,1.0,1.0,0.0,0.0,0.0,0.0,0.0,1.0,google
Hotel Fountain,ranchi,Jharkhand,Hotel,,4.3,,1680.0,,,0.0,0.0,0.0,0.0,0.0,0.0,0.0,0.0,0.0,0.0,0.0,0.0,0.0,0.0,0.0,google
Samargarh Resorts and hotel,ranchi,Jharkhand,Hotel,,3.9,,2654.0,,,1.0,1.0,1.0,1.0,1.0,0.0,0.0,1.0,0.0,1.0,0.0,0.0,0.0,0.0,1.0,google
The Cennet Ranchi,ranchi,Jharkhand,Hotel,,4.4,,2160.0,,,1.0,1.0,1.0,0.0,1.0,0.0,0.0,1.0,0.0,0.0,0.0,0.0,0.0,0.0,1.0,google
Hotel Sohrai inn,ranchi,Jharkhand,Hotel,,4.5,,1317.0,,,1.0,1.0,1.0,1.0,1.0,0.0,0.0,0.0,0.0,0.0,0.0,0.0,0.0,1.0,1.0,google
Chanakya BNR Hotel,ranchi,Jharkhand,Hotel,4.0,4.4,,7116.0,,,1.0,1.0,1.0,1.0,1.0,1.0,0.0,1.0,0.0,0.0,0.0,0.0,0.0,0.0,1.0,google
"Hotel Green Horizon Station Road, Ranchi. 834001",ranchi,Jharkhand,Hotel,3.0,4.2,,3087.0,,,1.0,1.0,1.0,0.0,1.0,1.0,0.0,1.0,0.0,0.0,0.0,0.0,0.0,0.0,1.0,google
Capitol Hill,ranchi,Jharkhand,Hotel,4.0,4.3,,6318.0,,,1.0,1.0,0.0,1.0,1.0,1.0,0.0,1.0,1.0,0.0,0.0,0.0,0.0,0.0,1.0,google
Divisha The Bali Resort,ranchi,Jharkhand,Hotel,,4.9,,840.0,,,0.0,0.0,0.0,0.0,0.0,0.0,0.0,0.0,0.0,0.0,0.0,0.0,0.0,0.0,0.0,google
Divisha Hotel Marina,ranchi,Jharkhand,Hotel,,4.7,,1624.0,,,1.0,1.0,1.0,1.0,1.0,0.0,1.0,1.0,1.0,1.0,0.0,0.0,0.0,0.0,0.0,google
"Le Lac Sarovar Portico, Ranchi",ranchi,Jharkhand,Hotel,4.0,4.2,,7056.0,,,1.0,1.0,0.0,1.0,1.0,1.0,0.0,1.0,1.0,0.0,0.0,0.0,0.0,0.0,1.0,google
Hotel AVN Grand,ranchi,Jharkhand,Hotel,3.0,4.2,,5600.0,,,1.0,1.0,0.0,1.0,1.0,1.0,0.0,1.0,0.0,0.0,0.0,0.0,0.0,1.0,1.0,google
The Royal Retreat,ranchi,Jharkhand,Hotel,,4.2,,4255.0,,,1.0,1.0,1.0,1.0,1.0,1.0,0.0,1.0,1.0,0.0,0.0,0.0,0.0,0.0,1.0,google
Treebo Trend Lalaji'S Executive,aurangabad,Maharashtra,Hotel,3.0,3.9,,2444.0,,,1.0,1.0,1.0,1.0,1.0,0.0,0.0,1.0,0.0,0.0,0.0,0.0,0.0,1.0,1.0,google
Treebo Trend Admiral Suites,aurangabad,Maharashtra,Hotel,,3.5,,2451.0,,,1.0,0.0,1.0,1.0,1.0,0.0,0.0,0.0,0.0,0.0,0.0,0.0,0.0,0.0,1.0,google
Zostel Aurangabad,aurangabad,Maharashtra,Hotel,,4.4,,1219.0,,,1.0,1.0,0.0,1.0,1.0,0.0,0.0,0.0,0.0,0.0,0.0,0.0,0.0,0.0,0.0,google
MTDC Aurangabad Resort,aurangabad,Maharashtra,Hotel,,3.8,,1680.0,,,0.0,1.0,1.0,0.0,1.0,0.0,0.0,1.0,0.0,0.0,1.0,0.0,0.0,1.0,0.0,google
Hotel Royal Regency,aurangabad,Maharashtra,Hotel,2.0,3.7,,914.0,,,1.0,1.0,1.0,1.0,0.0,0.0,0.0,1.0,0.0,0.0,0.0,0.0,0.0,0.0,1.0,google
Hotel Modi Samrat,aurangabad,Maharashtra,Hotel,2.0,4.3,,1263.0,,,1.0,1.0,0.0,0.0,1.0,0.0,0.0,1.0,0.0,0.0,0.0,0.0,0.0,0.0,1.0,google
Ginger Aurangabad,aurangabad,Maharashtra,Hotel,3.0,4.0,,2799.0,,,1.0,1.0,0.0,1.0,1.0,1.0,0.0,0.0,0.0,0.0,1.0,0.0,0.0,0.0,0.0,google
Hotel J P International,aurangabad,Maharashtra,Hotel,3.0,3.7,,2513.0,,,1.0,1.0,0.0,1.0,1.0,0.0,0.0,1.0,0.0,0.0,0.0,0.0,0.0,1.0,1.0,google
Hotel Holiday Era Lodging,aurangabad,Maharashtra,Hotel,2.0,3.5,,871.0,,,1.0,1.0,0.0,1.0,1.0,0.0,0.0,1.0,0.0,0.0,0.0,0.0,0.0,1.0,1.0,google
7 Apple Hotel - Aurangabad,aurangabad,Maharashtra,Hotel,3.0,4.0,,2244.0,,,1.0,1.0,0.0,1.0,1.0,0.0,0.0,1.0,0.0,0.0,1.0,0.0,0.0,0.0,0.0,google
Hotel Holiday Pride,aurangabad,Maharashtra,Hotel,,4.2,,1813.0,,,0.0,0.0,0.0,0.0,0.0,0.0,0.0,0.0,0.0,0.0,0.0,0.0,0.0,0.0,0.0,google
Hotel The Sky Court,aurangabad,Maharashtra,Hotel,3.0,3.9,,1836.0,,,1.0,0.0,1.0,1.0,1.0,0.0,0.0,1.0,0.0,0.0,0.0,0.0,0.0,1.0,1.0,google
"Welcomhotel By ITC Hotels, Rama International, Aurangabad-Premium business & leisure hotel| Near Ajanta Ellora Caves",aurangabad,Maharashtra,Hotel,5.0,4.5,,9636.0,,,1.0,1.0,1.0,1.0,1.0,1.0,0.0,1.0,1.0,0.0,0.0,0.0,0.0,0.0,0.0,google
"Ambassador Ajanta Hotel, Aurangabad",aurangabad,Maharashtra,Hotel,3.0,4.2,,4322.0,,,1.0,1.0,1.0,1.0,1.0,1.0,1.0,0.0,1.0,0.0,0.0,0.0,0.0,0.0,0.0,google
"The Fern Residency, Aurangabad",aurangabad,Maharashtra,Hotel,4.0,4.1,,4928.0,,,1.0,1.0,1.0,1.0,1.0,1.0,0.0,1.0,1.0,0.0,0.0,0.0,0.0,0.0,0.0,google
Aurangabad Gymkhana Club Hotel,aurangabad,Maharashtra,Hotel,3.0,4.1,,2573.0,,,1.0,1.0,1.0,1.0,1.0,1.0,1.0,0.0,1.0,0.0,0.0,0.0,0.0,0.0,0.0,google
Hotel Grand Ecotel,aurangabad,Maharashtra,Hotel,,4.2,,2204.0,,,1.0,1.0,1.0,1.0,1.0,0.0,0.0,1.0,0.0,0.0,0.0,0.0,0.0,0.0,1.0,google
Hotel kartiki,aurangabad,Maharashtra,Hotel,,4.0,,1087.0,,,1.0,1.0,0.0,1.0,1.0,0.0,0.0,1.0,1.0,0.0,1.0,0.0,0.0,0.0,1.0,google
Lemon Tree Hotel,aurangabad,Maharashtra,Hotel,4.0,4.2,,6215.0,,,1.0,1.0,1.0,1.0,1.0,1.0,1.0,1.0,0.0,0.0,0.0,0.0,0.0,0.0,0.0,google
Enrise By Sayaji,aurangabad,Maharashtra,Hotel,3.0,4.2,,3348.0,,,1.0,0.0,1.0,0.0,1.0,0.0,0.0,1.0,0.0,0.0,0.0,0.0,0.0,1.0,1.0,google
The Manor Hotel,aurangabad,Maharashtra,Hotel,3.0,3.9,,2566.0,,,1.0,1.0,1.0,1.0,1.0,0.0,0.0,1.0,0.0,0.0,0.0,0.0,0.0,1.0,1.0,google
Radhika Ex,aurangabad,Maharashtra,Hotel,,3.9,,2357.0,,,1.0,1.0,1.0,1.0,1.0,0.0,0.0,0.0,0.0,0.0,1.0,0.0,0.0,0.0,0.0,google
Novotel Ahmedabad,ahmedabad,Gujarat,Hotel,5.0,4.6,,6042.0,,,1.0,1.0,1.0,1.0,1.0,1.0,1.0,0.0,0.0,1.0,0.0,0.0,0.0,0.0,0.0,google
The Grand Bhagwati,ahmedabad,Gujarat,Hotel,4.0,4.3,,4854.0,,,1.0,1.0,0.0,1.0,1.0,0.0,0.0,1.0,0.0,0.0,0.0,0.0,0.0,1.0,1.0,google
"Holiday Inn Express Ahmedabad Prahlad Nagar, an IHG Hotel",ahmedabad,Gujarat,Hotel,,4.4,,4007.0,,,1.0,1.0,0.0,1.0,1.0,1.0,0.0,1.0,0.0,0.0,0.0,0.0,0.0,1.0,1.0,google
"Taj Skyline, Ahmedabad",ahmedabad,Gujarat,Hotel,5.0,4.5,,8064.0,,,1.0,1.0,1.0,0.0,1.0,0.0,1.0,1.0,0.0,0.0,0.0,0.0,0.0,1.0,1.0,google
Hyatt Regency Ahmedabad,ahmedabad,Gujarat,Hotel,5.0,4.4,,6490.0,,,1.0,1.0,1.0,1.0,1.0,1.0,1.0,1.0,0.0,0.0,0.0,0.0,0.0,0.0,0.0,google
"Welcomhotel By ITC Hotels, Ashram Road, Ahmedabad",ahmedabad,Gujarat,Hotel,5.0,4.6,,5334.0,,,1.0,1.0,0.0,0.0,1.0,1.0,1.0,1.0,0.0,0.0,0.0,0.0,1.0,0.0,1.0,google
Hotel Eldorado,ahmedabad,Gujarat,Hotel,3.0,4.3,,3100.0,,,1.0,1.0,1.0,1.0,1.0,1.0,1.0,0.0,0.0,0.0,0.0,0.0,1.0,0.0,0.0,google
Courtyard by Marriott Ahmedabad,ahmedabad,Gujarat,Hotel,5.0,4.4,,7263.0,,,1.0,1.0,1.0,1.0,1.0,1.0,1.0,0.0,0.0,0.0,0.0,0.0,1.0,0.0,0.0,google
"ITC Narmada, a Luxury Collection Hotel, Ahmedabad",ahmedabad,Gujarat,Hotel,5.0,4.6,,11400.0,,,1.0,1.0,1.0,1.0,1.0,1.0,1.0,1.0,0.0,0.0,0.0,0.0,0.0,0.0,0.0,google
Novotel Ahmedabad,ahmedabad,Gujarat,Hotel,5.0,4.6,,5913.0,,,1.0,1.0,1.0,1.0,1.0,1.0,1.0,0.0,0.0,1.0,0.0,0.0,0.0,0.0,0.0,google
Hyatt Ahmedabad,ahmedabad,Gujarat,Hotel,5.0,4.5,,5475.0,,,1.0,1.0,1.0,1.0,1.0,1.0,1.0,1.0,0.0,0.0,0.0,0.0,0.0,0.0,0.0,google
Ramada by Wyndham Ahmedabad,ahmedabad,Gujarat,Hotel,4.0,4.0,,4680.0,,,1.0,1.0,0.0,1.0,1.0,1.0,1.0,1.0,0.0,0.0,0.0,0.0,0.0,0.0,1.0,google
Radhe Upavan Resort,ahmedabad,Gujarat,Hotel,3.0,4.4,,5206.0,,,1.0,1.0,1.0,1.0,1.0,1.0,0.0,1.0,0.0,0.0,0.0,0.0,0.0,0.0,1.0,google
Agrasen Foundation,ahmedabad,Gujarat,Hotel,,4.2,,1765.0,,,0.0,0.0,0.0,0.0,0.0,0.0,0.0,0.0,0.0,0.0,0.0,0.0,0.0,0.0,0.0,google
Aarya Grand Hotels & Resorts,ahmedabad,Gujarat,Hotel,3.0,4.2,,3091.0,,,1.0,1.0,1.0,1.0,1.0,0.0,0.0,1.0,0.0,0.0,0.0,0.0,0.0,1.0,1.0,google
DoubleTree by Hilton Ahmedabad,ahmedabad,Gujarat,Hotel,5.0,4.5,,6182.0,,,1.0,1.0,1.0,1.0,1.0,1.0,1.0,1.0,0.0,0.0,0.0,0.0,0.0,0.0,0.0,google
"Fortune Select SG Highway, Ahmedabad - Member ITC's hotel group",ahmedabad,Gujarat,Hotel,5.0,4.3,,4929.0,,,1.0,1.0,0.0,1.0,1.0,1.0,0.0,1.0,0.0,0.0,0.0,0.0,0.0,1.0,1.0,google
in&out AC Dormitory Ahmedabad,ahmedabad,Gujarat,Hotel,1.0,4.1,,646.0,,,1.0,1.0,1.0,0.0,0.0,0.0,0.0,1.0,0.0,0.0,0.0,0.0,0.0,1.0,0.0,google
Tribecca Select,ahmedabad,Gujarat,Hotel,3.0,4.3,,2097.0,,,1.0,1.0,0.0,1.0,1.0,0.0,0.0,1.0,0.0,0.0,0.0,0.0,0.0,1.0,1.0,google
BloomSuites | Ahmedabad,ahmedabad,Gujarat,Hotel,4.0,4.2,,4333.0,,,1.0,1.0,1.0,1.0,1.0,1.0,0.0,1.0,0.0,0.0,0.0,0.0,0.0,0.0,1.0,google
Deewanji Ni Haveli | Rooms & Restaurant,ahmedabad,Gujarat,Hotel,,2.8,,5003.0,,,1.0,1.0,0.0,1.0,0.0,0.0,0.0,0.0,0.0,0.0,0.0,0.0,0.0,0.0,0.0,google
"Welcomhotel By ITC Hotels, Ashram Road, Ahmedabad",ahmedabad,Gujarat,Hotel,5.0,4.6,,5543.0,,,1.0,1.0,0.0,0.0,1.0,1.0,1.0,1.0,0.0,0.0,0.0,0.0,1.0,0.0,1.0,google
Hyatt Regency Ahmedabad,ahmedabad,Gujarat,Hotel,5.0,4.4,,6552.0,,,1.0,1.0,1.0,1.0,1.0,1.0,1.0,1.0,0.0,0.0,0.0,0.0,0.0,0.0,0.0,google
"Holiday Inn Amritsar Ranjit Avenue, an IHG Hotel",amritsar,Punjab,Hotel,5.0,4.4,,6630.0,,,1.0,1.0,1.0,1.0,1.0,1.0,0.0,1.0,1.0,0.0,0.0,0.0,0.0,0.0,0.0,google
Regenta Central Amritsar,amritsar,Punjab,Hotel,5.0,4.2,,5599.0,,,1.0,1.0,0.0,1.0,1.0,1.0,1.0,1.0,1.0,0.0,0.0,0.0,0.0,0.0,0.0,google
Fairfield by Marriott Amritsar,amritsar,Punjab,Hotel,4.0,4.3,,5509.0,,,1.0,1.0,1.0,1.0,1.0,1.0,0.0,1.0,1.0,0.0,0.0,0.0,0.0,0.0,0.0,google
Regenta Central Amritsar,amritsar,Punjab,Hotel,5.0,4.2,,4117.0,,,1.0,1.0,0.0,1.0,1.0,1.0,1.0,1.0,1.0,0.0,0.0,0.0,0.0,0.0,0.0,google
Courtyard by Marriott Amritsar,amritsar,Punjab,Hotel,5.0,4.4,,6046.0,,,1.0,1.0,1.0,1.0,1.0,1.0,1.0,0.0,1.0,0.0,0.0,0.0,0.0,0.0,0.0,google
Hyatt Regency Amritsar,amritsar,Punjab,Hotel,5.0,4.3,,8367.0,,,1.0,1.0,0.0,1.0,1.0,1.0,1.0,1.0,1.0,0.0,0.0,0.0,0.0,0.0,0.0,google
Fabhotels - Hotel Le Golden,amritsar,Punjab,Hotel,,3.8,,1326.0,,,1.0,1.0,1.0,1.0,1.0,0.0,0.0,1.0,0.0,0.0,0.0,0.0,0.0,0.0,1.0,google
Regenta Place Amritsar,amritsar,Punjab,Hotel,4.0,4.2,,4321.0,,,1.0,1.0,1.0,1.0,1.0,1.0,1.0,0.0,1.0,0.0,0.0,0.0,0.0,0.0,0.0,google
Madpackers Amritsar,amritsar,Punjab,Hotel,,4.4,,732.0,,,1.0,0.0,0.0,0.0,0.0,0.0,0.0,0.0,0.0,0.0,0.0,0.0,0.0,0.0,0.0,google
"Taj Swarna, Amritsar",amritsar,Punjab,Hotel,5.0,4.4,,11800.0,,,1.0,1.0,1.0,1.0,1.0,1.0,1.0,0.0,0.0,0.0,0.0,0.0,1.0,0.0,0.0,google
Ramada by Wyndham Amritsar,amritsar,Punjab,Hotel,4.0,4.3,,6660.0,,,1.0,1.0,1.0,1.0,1.0,1.0,0.0,1.0,0.0,0.0,0.0,0.0,0.0,0.0,1.0,google
Treehouse London Street Amritsar,amritsar,Punjab,Hotel,,4.1,,2669.0,,,1.0,1.0,1.0,0.0,1.0,0.0,0.0,1.0,0.0,0.0,0.0,0.0,0.0,0.0,1.0,google
HolidayVilla Amritsar,amritsar,Punjab,Hotel,4.0,4.9,,2455.0,,,1.0,0.0,0.0,1.0,1.0,0.0,0.0,0.0,0.0,0.0,0.0,0.0,0.0,0.0,1.0,google
"Holiday Inn Amritsar Ranjit Avenue, an IHG Hotel",amritsar,Punjab,Hotel,5.0,4.4,,5991.0,,,1.0,1.0,1.0,1.0,1.0,1.0,0.0,1.0,1.0,0.0,0.0,0.0,0.0,0.0,0.0,google
Hotel Amritsar International,amritsar,Punjab,Hotel,3.0,4.0,,1900.0,,,1.0,0.0,1.0,1.0,1.0,0.0,0.0,1.0,0.0,0.0,1.0,0.0,0.0,0.0,1.0,google
Hotel Anchit - Walking Distance To Golden Temple,amritsar,Punjab,Hotel,,4.4,,1176.0,,,1.0,0.0,1.0,1.0,1.0,0.0,0.0,0.0,0.0,0.0,0.0,0.0,0.0,0.0,1.0,google
Amritsar Grand Hotel By Levelup Hotels,amritsar,Punjab,Hotel,,4.8,,2306.0,,,1.0,1.0,1.0,1.0,1.0,0.0,0.0,1.0,0.0,1.0,0.0,0.0,0.0,1.0,1.0,google
BR Grand Amritsar,amritsar,Punjab,Hotel,,4.4,,2326.0,,,1.0,1.0,1.0,0.0,0.0,0.0,0.0,1.0,0.0,0.0,0.0,0.0,0.0,0.0,1.0,google
"Serenity Bangla, Amritsar",amritsar,Punjab,Hotel,,4.2,,2485.0,,,1.0,1.0,0.0,1.0,0.0,0.0,0.0,0.0,0.0,0.0,0.0,0.0,0.0,0.0,0.0,google
The Landmark Amritsar : Near Golden Temple,amritsar,Punjab,Hotel,3.0,4.3,,3581.0,,,1.0,1.0,0.0,1.0,1.0,0.0,0.0,1.0,0.0,0.0,0.0,0.0,0.0,0.0,1.0,google
Hotel Sapphire Opposite Golden Temple,amritsar,Punjab,Hotel,3.0,4.1,,2246.0,,,1.0,1.0,0.0,1.0,1.0,0.0,0.0,1.0,0.0,0.0,0.0,0.0,0.0,1.0,1.0,google
Shine Star By Tag Your Trip Near Golden Temple,amritsar,Punjab,House,,3.8,,820.0,,,1.0,1.0,0.0,1.0,0.0,0.0,0.0,0.0,0.0,0.0,0.0,0.0,0.0,0.0,0.0,google
Amritsar Grand Hotel By Levelup Hotels,amritsar,Punjab,Hotel,,4.8,,2999.0,,,1.0,1.0,1.0,1.0,1.0,0.0,0.0,1.0,0.0,1.0,0.0,0.0,0.0,1.0,1.0,google
Fairfield by Marriott Amritsar,amritsar,Punjab,Hotel,4.0,4.3,,6047.0,,,1.0,1.0,1.0,1.0,1.0,1.0,0.0,1.0,1.0,0.0,0.0,0.0,0.0,0.0,0.0,google
Hotel Nagpal REGENCY,ludhiana,Punjab,Hotel,3.0,3.9,,2666.0,,,1.0,1.0,0.0,1.0,1.0,0.0,0.0,1.0,1.0,0.0,0.0,0.0,0.0,1.0,1.0,google
Hotel Gulmor - Hotel in Ludhiana,ludhiana,Punjab,Hotel,3.0,4.0,,2472.0,,,1.0,1.0,1.0,1.0,1.0,0.0,0.0,1.0,0.0,0.0,0.0,0.0,0.0,0.0,1.0,google
"Radisson Blu Hotel, Ludhiana",ludhiana,Punjab,Hotel,5.0,4.4,,7602.0,,,1.0,1.0,1.0,1.0,1.0,1.0,1.0,0.0,1.0,0.0,0.0,0.0,0.0,0.0,0.0,google
Hotel Brown,ludhiana,Punjab,Hotel,3.0,3.5,,903.0,,,1.0,1.0,1.0,1.0,1.0,0.0,0.0,0.0,0.0,0.0,0.0,0.0,0.0,0.0,0.0,google
Clarks Inn Express Ludhiana,ludhiana,Punjab,Hotel,,4.7,,3948.0,,,1.0,1.0,1.0,0.0,0.0,0.0,0.0,0.0,0.0,0.0,0.0,0.0,0.0,0.0,1.0,google
Hotel Gulmor - Hotel in Ludhiana,ludhiana,Punjab,Hotel,3.0,4.0,,3058.0,,,1.0,1.0,1.0,1.0,1.0,0.0,0.0,1.0,0.0,0.0,0.0,0.0,0.0,0.0,1.0,google
Keys Select Ludhiana - By Lemon Tree Hotels,ludhiana,Punjab,Hotel,3.0,3.9,,3078.0,,,1.0,1.0,0.0,1.0,1.0,1.0,0.0,1.0,1.0,0.0,0.0,0.0,0.0,0.0,1.0,google
Hotel Ludhiana Regency,ludhiana,Punjab,Hotel,,4.2,,1562.0,,,1.0,1.0,0.0,0.0,1.0,0.0,0.0,1.0,1.0,0.0,1.0,0.0,0.0,0.0,1.0,google
Regenta Central Klassik,ludhiana,Punjab,Hotel,4.0,4.3,,4941.0,,,1.0,1.0,1.0,1.0,1.0,1.0,1.0,0.0,1.0,0.0,0.0,0.0,0.0,0.0,0.0,google
The Palm Court,ludhiana,Punjab,Hotel,4.0,4.3,,4326.0,,,1.0,1.0,0.0,1.0,1.0,0.0,0.0,1.0,1.0,0.0,0.0,0.0,0.0,0.0,1.0,google
Hotel Maharaja Regency,ludhiana,Punjab,Hotel,3.0,4.4,,4792.0,,,1.0,1.0,1.0,1.0,1.0,0.0,0.0,1.0,1.0,0.0,0.0,0.0,0.0,0.0,1.0,google
Hotel The Retro Regency,ludhiana,Punjab,Hotel,,4.4,,1679.0,,,1.0,1.0,0.0,1.0,1.0,0.0,0.0,1.0,0.0,0.0,0.0,0.0,0.0,0.0,1.0,google
Hotel Kohinoor Palace & Banquets,ludhiana,Punjab,Hotel,3.0,3.9,,1905.0,,,1.0,1.0,0.0,1.0,1.0,0.0,0.0,1.0,0.0,0.0,0.0,0.0,0.0,1.0,1.0,google
Park Plaza Ludhiana,ludhiana,Punjab,Hotel,5.0,4.2,,8057.0,,,1.0,1.0,1.0,1.0,1.0,1.0,1.0,0.0,1.0,0.0,0.0,0.0,0.0,0.0,0.0,google
Leo Fort Hotel,ludhiana,Punjab,Hotel,,3.9,,2735.0,,,1.0,0.0,0.0,1.0,1.0,0.0,0.0,1.0,0.0,0.0,1.0,0.0,0.0,0.0,1.0,google
Hotel NAT GRAND REGENCY,ludhiana,Punjab,Hotel,,5.0,,2912.0,,,1.0,1.0,0.0,1.0,1.0,0.0,0.0,1.0,1.0,0.0,0.0,0.0,0.0,0.0,1.0,google
AAGAAZ Hotel,ludhiana,Punjab,Hotel,,4.4,,2615.0,,,1.0,1.0,1.0,1.0,1.0,0.0,0.0,1.0,0.0,0.0,0.0,0.0,0.0,0.0,1.0,google
Grand Marian Hotel,ludhiana,Punjab,Hotel,3.0,4.1,,2995.0,,,1.0,1.0,0.0,1.0,1.0,1.0,0.0,1.0,0.0,0.0,0.0,0.0,0.0,1.0,1.0,google
Hyatt Regency Ludhiana,ludhiana,Punjab,Hotel,5.0,4.4,,11266.0,,,1.0,1.0,1.0,1.0,1.0,1.0,0.0,1.0,1.0,0.0,0.0,0.0,0.0,0.0,0.0,google
Itsy By Treebo - P Grand,ludhiana,Punjab,Hotel,,4.0,,1733.0,,,1.0,0.0,0.0,1.0,1.0,0.0,0.0,0.0,0.0,0.0,1.0,0.0,0.0,0.0,1.0,google
The Stories,ludhiana,Punjab,Hotel,,4.0,,3359.0,,,1.0,1.0,1.0,0.0,1.0,0.0,0.0,1.0,0.0,0.0,0.0,0.0,0.0,0.0,1.0,google
Hotel Hyphen Premier,meerut,Uttar Pradesh,Hotel,3.0,4.2,,2094.0,,,1.0,1.0,0.0,1.0,1.0,0.0,0.0,1.0,0.0,0.0,0.0,0.0,0.0,0.0,1.0,google
CAPITAL O74359 Hotel Mukut Mahal,meerut,Uttar Pradesh,Hotel,3.0,3.7,,1370.0,,,1.0,1.0,0.0,1.0,1.0,0.0,0.0,0.0,0.0,1.0,1.0,0.0,0.0,0.0,1.0,google
Hotel travel inn,meerut,Uttar Pradesh,Hotel,3.0,3.6,,815.0,,,1.0,1.0,1.0,1.0,0.0,0.0,0.0,0.0,0.0,0.0,0.0,0.0,0.0,0.0,0.0,google
Hotel DownTown,meerut,Uttar Pradesh,Hotel,,4.1,,947.0,,,1.0,0.0,1.0,0.0,0.0,0.0,0.0,0.0,0.0,0.0,0.0,0.0,0.0,0.0,0.0,google
Garden City Resorts | Rooms & Restaurant,meerut,Uttar Pradesh,Hotel,,3.8,,3220.0,,,0.0,1.0,0.0,1.0,0.0,0.0,0.0,0.0,0.0,0.0,0.0,0.0,0.0,0.0,0.0,google
Hotel Hyphen Premier,meerut,Uttar Pradesh,Hotel,3.0,4.2,,2010.0,,,1.0,1.0,0.0,1.0,1.0,0.0,0.0,1.0,0.0,0.0,0.0,0.0,0.0,0.0,1.0,google
Crystal Palace,meerut,Uttar Pradesh,Hotel,3.0,3.9,,2673.0,,,1.0,1.0,0.0,1.0,1.0,0.0,0.0,1.0,1.0,0.0,0.0,0.0,0.0,1.0,1.0,google
CAPITAL O74359 Hotel Mukut Mahal,meerut,Uttar Pradesh,Hotel,3.0,3.7,,674.0,,,1.0,1.0,0.0,1.0,1.0,0.0,0.0,0.0,0.0,1.0,1.0,0.0,0.0,0.0,1.0,google
The Grand Alora | Best Family Restaurent in Meerut,meerut,Uttar Pradesh,Hotel,,4.7,,2492.0,,,0.0,0.0,0.0,0.0,0.0,0.0,0.0,0.0,0.0,0.0,0.0,0.0,0.0,0.0,0.0,google
Hotel Green Embassy (Rooms and Restaurant),meerut,Uttar Pradesh,Hotel,,4.1,,1814.0,,,0.0,0.0,0.0,0.0,0.0,0.0,0.0,0.0,0.0,0.0,0.0,0.0,0.0,0.0,0.0,google
-,meerut,Uttar Pradesh,Hotel,,3.9,,4680.0,,,1.0,1.0,0.0,1.0,0.0,0.0,0.0,0.0,0.0,0.0,0.0,0.0,0.0,0.0,0.0,google
Hotel Samrat Heavens,meerut,Uttar Pradesh,Hotel,3.0,3.6,,2289.0,,,1.0,1.0,0.0,1.0,1.0,0.0,0.0,1.0,1.0,1.0,0.0,0.0,0.0,0.0,1.0,google
TIVOLI IMPERIAL RESORT,meerut,Uttar Pradesh,Hotel,,4.1,,1803.0,,,0.0,0.0,0.0,0.0,0.0,0.0,0.0,0.0,0.0,0.0,0.0,0.0,0.0,0.0,0.0,google
3rd Milestone,meerut,Uttar Pradesh,Hotel,,4.4,,2870.0,,,0.0,0.0,0.0,0.0,0.0,0.0,0.0,0.0,0.0,0.0,0.0,0.0,0.0,0.0,0.0,google
Green Serene Abode,meerut,Uttar Pradesh,Hotel,,4.9,,2652.0,,,1.0,1.0,0.0,1.0,1.0,0.0,0.0,0.0,0.0,1.0,1.0,0.0,0.0,1.0,1.0,google
Crystal Palace,meerut,Uttar Pradesh,Hotel,3.0,3.9,,2923.0,,,1.0,1.0,0.0,1.0,1.0,0.0,0.0,1.0,1.0,0.0,0.0,0.0,0.0,1.0,1.0,google
Hotel Samrat Heavens,meerut,Uttar Pradesh,Hotel,3.0,3.6,,2298.0,,,1.0,1.0,0.0,1.0,1.0,0.0,0.0,1.0,1.0,1.0,0.0,0.0,0.0,0.0,1.0,google
Grand Mercure Vadodara Surya Palace,vadodara,Gujarat,Hotel,5.0,4.4,,4237.0,,,1.0,1.0,1.0,1.0,1.0,1.0,1.0,1.0,0.0,0.0,0.0,0.0,0.0,0.0,0.0,google
"The Fern - An Ecotel Hotel, Vadodara",vadodara,Gujarat,Hotel,4.0,4.2,,4535.0,,,1.0,1.0,0.0,1.0,1.0,1.0,0.0,1.0,0.0,0.0,0.0,0.0,0.0,1.0,1.0,google
Courtyard by Marriott Vadodara,vadodara,Gujarat,Hotel,5.0,4.5,,3920.0,,,1.0,1.0,1.0,1.0,1.0,1.0,1.0,1.0,0.0,0.0,0.0,0.0,0.0,0.0,0.0,google
Shagun Residency,vadodara,Gujarat,Hotel,4.0,3.5,,835.0,,,1.0,0.0,0.0,1.0,1.0,0.0,0.0,1.0,0.0,0.0,1.0,0.0,0.0,0.0,1.0,google
Agrawal bhavan guest house,vadodara,Gujarat,Hotel,2.0,3.5,,657.0,,,1.0,1.0,1.0,0.0,0.0,0.0,0.0,0.0,0.0,0.0,0.0,0.0,0.0,0.0,0.0,google
Grand Mercure Vadodara Surya Palace,vadodara,Gujarat,Hotel,5.0,4.4,,3770.0,,,1.0,1.0,1.0,1.0,1.0,1.0,1.0,1.0,0.0,0.0,0.0,0.0,0.0,0.0,0.0,google
Hotel Royal Vadodara,vadodara,Gujarat,Hotel,2.0,3.4,,883.0,,,0.0,1.0,1.0,1.0,1.0,0.0,0.0,1.0,0.0,0.0,0.0,0.0,0.0,0.0,1.0,google
Four Points by Sheraton Vadodara,vadodara,Gujarat,Hotel,4.0,4.2,,3919.0,,,1.0,1.0,1.0,1.0,1.0,1.0,0.0,1.0,0.0,0.0,0.0,0.0,0.0,0.0,1.0,google
Best Western Alkapuri,vadodara,Gujarat,Hotel,3.0,4.0,,1529.0,,,1.0,1.0,0.0,1.0,1.0,1.0,0.0,1.0,0.0,0.0,0.0,0.0,0.0,1.0,1.0,google
Hotel Ideal vadodara,vadodara,Gujarat,Hotel,3.0,3.9,,876.0,,,1.0,0.0,0.0,1.0,0.0,0.0,0.0,0.0,0.0,0.0,1.0,0.0,0.0,0.0,1.0,google
Kabir Hotel and Spa,vadodara,Gujarat,Hotel,3.0,4.4,,3240.0,,,1.0,1.0,1.0,1.0,1.0,1.0,1.0,1.0,0.0,0.0,0.0,0.0,0.0,0.0,0.0,google
Effotel By Sayaji Vadodara,vadodara,Gujarat,Hotel,3.0,4.4,,2874.0,,,1.0,1.0,0.0,1.0,1.0,1.0,0.0,1.0,0.0,0.0,0.0,0.0,0.0,1.0,1.0,google
Regenta Inn Vadodara,vadodara,Gujarat,Hotel,3.0,4.0,,2352.0,,,1.0,1.0,0.0,1.0,1.0,1.0,1.0,1.0,0.0,0.0,0.0,0.0,0.0,0.0,1.0,google
Sayaji Hotel Vadodara,vadodara,Gujarat,Hotel,5.0,4.4,,4659.0,,,1.0,1.0,1.0,1.0,1.0,1.0,1.0,1.0,0.0,0.0,0.0,0.0,0.0,0.0,0.0,google
Royal Orchid Central,vadodara,Gujarat,Hotel,4.0,4.2,,3031.0,,,1.0,1.0,1.0,1.0,1.0,1.0,0.0,1.0,0.0,0.0,0.0,0.0,0.0,0.0,1.0,google
7 Apple Hotel - Vadodara,vadodara,Gujarat,Hotel,3.0,4.4,,1352.0,,,1.0,1.0,0.0,1.0,1.0,0.0,0.0,1.0,0.0,0.0,0.0,0.0,0.0,1.0,1.0,google
Hotel Express Residency,vadodara,Gujarat,Hotel,4.0,4.2,,3106.0,,,1.0,1.0,0.0,1.0,1.0,1.0,0.0,1.0,0.0,0.0,0.0,0.0,0.0,1.0,1.0,google
Comfort Inn Donil,vadodara,Gujarat,Hotel,3.0,3.8,,2179.0,,,1.0,1.0,1.0,1.0,1.0,1.0,0.0,1.0,0.0,1.0,0.0,0.0,0.0,0.0,0.0,google
Vivanta Vadodara,vadodara,Gujarat,Hotel,5.0,4.4,,8476.0,,,1.0,1.0,1.0,1.0,1.0,1.0,1.0,1.0,0.0,0.0,0.0,0.0,0.0,0.0,0.0,google
Ginger Vadodara,vadodara,Gujarat,Hotel,3.0,3.9,,2462.0,,,1.0,1.0,0.0,1.0,1.0,1.0,0.0,0.0,0.0,0.0,1.0,0.0,0.0,0.0,0.0,google
Four Points by Sheraton Vadodara,vadodara,Gujarat,Hotel,4.0,4.2,,3920.0,,,1.0,1.0,1.0,1.0,1.0,1.0,0.0,1.0,0.0,0.0,0.0,0.0,0.0,0.0,1.0,google
Hotel Casa Vadodara (Treebo Trend Casa),vadodara,Gujarat,Hotel,3.0,3.9,,2400.0,,,1.0,1.0,0.0,1.0,1.0,0.0,0.0,1.0,0.0,0.0,0.0,0.0,0.0,1.0,1.0,google
Treebo Trip Kiran - Hotel in Raipur,raipur,Chhattisgarh,Hotel,3.0,4.0,,2675.0,,,1.0,1.0,1.0,1.0,1.0,0.0,0.0,1.0,0.0,0.0,0.0,0.0,0.0,1.0,1.0,google
The Downton Hotel,raipur,Chhattisgarh,Hotel,,4.0,,3301.0,,,1.0,1.0,0.0,1.0,1.0,1.0,0.0,1.0,1.0,0.0,0.0,0.0,0.0,1.0,1.0,google
Hotel Meera,raipur,Chhattisgarh,Hotel,3.0,3.8,,959.0,,,1.0,1.0,1.0,1.0,1.0,0.0,0.0,1.0,0.0,0.0,0.0,0.0,0.0,0.0,1.0,google
"Tulip Arena | Hotel, Club & Events by SGL |",raipur,Chhattisgarh,Hotel,,4.6,,2586.0,,,1.0,1.0,1.0,1.0,1.0,1.0,0.0,1.0,0.0,0.0,0.0,0.0,0.0,0.0,1.0,google
Le Roi Raipur Hotel,raipur,Chhattisgarh,Hotel,3.0,4.1,,1789.0,,,1.0,1.0,0.0,1.0,1.0,0.0,0.0,1.0,0.0,0.0,0.0,0.0,0.0,1.0,1.0,google
Club Paraiso,raipur,Chhattisgarh,Hotel,3.0,4.3,,2564.0,,,1.0,1.0,1.0,1.0,1.0,1.0,1.0,1.0,0.0,0.0,0.0,0.0,0.0,0.0,0.0,google
Aloha City Stay,raipur,Chhattisgarh,Hotel,2.0,4.0,,808.0,,,1.0,1.0,0.0,1.0,1.0,0.0,0.0,1.0,0.0,0.0,0.0,0.0,0.0,1.0,1.0,google
Hotel Shivam Residency,raipur,Chhattisgarh,Hotel,,3.9,,1291.0,,,1.0,1.0,1.0,1.0,1.0,0.0,0.0,0.0,0.0,0.0,0.0,0.0,0.0,1.0,1.0,google
"Hotel Singhania Sarovar Portico,Raipur",raipur,Chhattisgarh,Hotel,4.0,4.1,,4032.0,,,1.0,1.0,1.0,1.0,1.0,1.0,1.0,0.0,1.0,0.0,0.0,0.0,0.0,0.0,0.0,google
Hyatt Raipur,raipur,Chhattisgarh,Hotel,5.0,4.3,,6188.0,,,1.0,1.0,0.0,1.0,1.0,1.0,0.0,1.0,1.0,0.0,0.0,0.0,0.0,0.0,1.0,google
Sayaji Hotel Raipur,raipur,Chhattisgarh,Hotel,4.0,4.3,,4381.0,,,1.0,1.0,1.0,1.0,1.0,1.0,0.0,1.0,1.0,0.0,0.0,0.0,0.0,0.0,0.0,google
Shri Shiva Palace,raipur,Chhattisgarh,Hotel,3.0,3.7,,736.0,,,0.0,0.0,0.0,1.0,0.0,0.0,0.0,0.0,0.0,0.0,1.0,0.0,0.0,1.0,0.0,google
Citrus Prime Raipur,raipur,Chhattisgarh,Hotel,3.0,4.2,,2544.0,,,1.0,1.0,0.0,1.0,1.0,0.0,0.0,1.0,0.0,0.0,1.0,0.0,0.0,0.0,1.0,google
Hotel Vennington Court,raipur,Chhattisgarh,Hotel,4.0,4.0,,3297.0,,,1.0,1.0,1.0,1.0,1.0,1.0,1.0,0.0,0.0,0.0,0.0,0.0,1.0,0.0,0.0,google
"Babylon International, Raipur",raipur,Chhattisgarh,Hotel,4.0,4.1,,3977.0,,,1.0,1.0,1.0,0.0,1.0,0.0,0.0,1.0,0.0,0.0,0.0,0.0,0.0,1.0,1.0,google
Hotel Grand Canyon,raipur,Chhattisgarh,Hotel,4.0,3.9,,4479.0,,,1.0,1.0,1.0,1.0,1.0,1.0,1.0,0.0,0.0,0.0,0.0,0.0,1.0,0.0,0.0,google
"Babylon Capital, Raipur",raipur,Chhattisgarh,Hotel,,4.2,,4875.0,,,1.0,1.0,1.0,1.0,1.0,0.0,1.0,1.0,0.0,0.0,0.0,0.0,0.0,0.0,1.0,google
Hotel Trimurti Inn,raipur,Chhattisgarh,Hotel,3.0,3.8,,659.0,,,1.0,1.0,1.0,1.0,1.0,0.0,0.0,1.0,0.0,0.0,0.0,0.0,0.0,0.0,0.0,google
Hotel Punjab Palace,raipur,Chhattisgarh,Hotel,3.0,4.0,,1583.0,,,1.0,0.0,0.0,1.0,1.0,0.0,0.0,1.0,0.0,0.0,1.0,0.0,0.0,1.0,1.0,google
Hotel Shanti Home,raipur,Chhattisgarh,Hotel,3.0,3.4,,1391.0,,,1.0,1.0,1.0,1.0,0.0,0.0,0.0,1.0,0.0,0.0,0.0,0.0,0.0,0.0,1.0,google
Hotel Vennington Court,raipur,Chhattisgarh,Hotel,4.0,4.0,,3297.0,,,1.0,1.0,1.0,1.0,1.0,1.0,1.0,0.0,0.0,0.0,0.0,0.0,1.0,0.0,0.0,google
Hotel Simran,raipur,Chhattisgarh,Hotel,3.0,4.0,,1764.0,,,1.0,1.0,0.0,1.0,1.0,0.0,0.0,1.0,1.0,0.0,0.0,0.0,0.0,1.0,1.0,google
Treebo Trend C Plaza - MG Road Vijayawada,vijayawada,Andhra Pradesh,Hotel,3.0,4.3,,2235.0,,,1.0,1.0,0.0,1.0,1.0,0.0,0.0,1.0,0.0,0.0,0.0,0.0,0.0,0.0,1.0,google
Treebo Trend Alankar Inn,vijayawada,Andhra Pradesh,Hotel,3.0,3.7,,2769.0,,,1.0,1.0,0.0,1.0,1.0,0.0,0.0,1.0,0.0,0.0,0.0,0.0,0.0,0.0,1.0,google
Hotel Sree Vasudev,vijayawada,Andhra Pradesh,Hotel,,4.2,,491.0,,,1.0,0.0,1.0,1.0,0.0,0.0,0.0,0.0,0.0,0.0,0.0,0.0,0.0,1.0,1.0,google
Hotel Kosala,vijayawada,Andhra Pradesh,Hotel,3.0,4.3,,1460.0,,,1.0,1.0,0.0,1.0,1.0,0.0,0.0,1.0,0.0,0.0,0.0,0.0,0.0,0.0,1.0,google
"Lemon Tree Premier,Vijayawada",vijayawada,Andhra Pradesh,Hotel,,4.4,,4949.0,,,1.0,1.0,1.0,0.0,1.0,1.0,1.0,1.0,0.0,0.0,0.0,0.0,0.0,0.0,1.0,google
Hotel Mamata,vijayawada,Andhra Pradesh,Hotel,3.0,3.5,,944.0,,,1.0,1.0,0.0,1.0,1.0,0.0,0.0,1.0,0.0,0.0,0.0,0.0,0.0,1.0,1.0,google
Mango Hotels Vybrant,vijayawada,Andhra Pradesh,Hotel,3.0,4.1,,2486.0,,,1.0,1.0,1.0,1.0,1.0,0.0,0.0,1.0,0.0,0.0,0.0,0.0,0.0,0.0,1.0,google
New Continental Park Hotel,vijayawada,Andhra Pradesh,Hotel,3.0,3.9,,2100.0,,,1.0,1.0,0.0,1.0,1.0,0.0,0.0,1.0,0.0,0.0,0.0,0.0,0.0,0.0,1.0,google
"Red Fox Hotel, Vijayawada",vijayawada,Andhra Pradesh,Hotel,,4.0,,3149.0,,,1.0,1.0,0.0,1.0,1.0,0.0,0.0,1.0,0.0,0.0,0.0,0.0,0.0,1.0,1.0,google
"PARK IRIS HOTELS, Vijayawada",vijayawada,Andhra Pradesh,Hotel,,4.0,,2023.0,,,1.0,1.0,1.0,0.0,1.0,0.0,0.0,1.0,0.0,0.0,0.0,0.0,0.0,0.0,0.0,google
The Eden Park Boutique Hotel,vijayawada,Andhra Pradesh,Hotel,,4.4,,1995.0,,,1.0,1.0,0.0,1.0,1.0,0.0,0.0,1.0,0.0,0.0,0.0,0.0,0.0,1.0,1.0,google
Hotel Sai Rama,vijayawada,Andhra Pradesh,Hotel,,4.4,,1188.0,,,1.0,1.0,1.0,1.0,1.0,0.0,0.0,0.0,0.0,0.0,1.0,0.0,0.0,0.0,1.0,google
Hotel Minerva Grand Vijayawada,vijayawada,Andhra Pradesh,Hotel,4.0,4.0,,3126.0,,,1.0,1.0,0.0,1.0,1.0,0.0,0.0,1.0,0.0,0.0,0.0,0.0,0.0,1.0,1.0,google
Vishnu Paradise,vijayawada,Andhra Pradesh,Hotel,,4.1,,1519.0,,,1.0,1.0,0.0,1.0,1.0,0.0,0.0,1.0,0.0,1.0,0.0,0.0,0.0,1.0,1.0,google
Hotel Aira,vijayawada,Andhra Pradesh,Hotel,3.0,4.1,,2704.0,,,1.0,1.0,0.0,1.0,1.0,0.0,0.0,1.0,0.0,0.0,0.0,0.0,0.0,0.0,1.0,google
"Vivanta Vijayawada, MG Road",vijayawada,Andhra Pradesh,Hotel,5.0,4.3,,6600.0,,,1.0,1.0,1.0,1.0,1.0,1.0,1.0,0.0,1.0,0.0,0.0,0.0,0.0,0.0,0.0,google
Hotel Manorama,vijayawada,Andhra Pradesh,Hotel,3.0,4.0,,3299.0,,,1.0,1.0,0.0,1.0,1.0,0.0,0.0,1.0,1.0,0.0,0.0,0.0,0.0,1.0,1.0,google
Haian - An Olive Tree Hotel - Hotel in Vijayawada,vijayawada,Andhra Pradesh,Hotel,,3.8,,1901.0,,,1.0,1.0,1.0,1.0,1.0,0.0,0.0,1.0,0.0,0.0,0.0,0.0,0.0,0.0,1.0,google
Hotel SK Riverfront,vijayawada,Andhra Pradesh,Hotel,,4.2,,1533.0,,,1.0,1.0,0.0,1.0,1.0,0.0,0.0,1.0,0.0,0.0,0.0,0.0,0.0,0.0,1.0,google
Treebo Trend Arka Vijayawada,vijayawada,Andhra Pradesh,Hotel,,4.5,,2044.0,,,1.0,1.0,1.0,0.0,1.0,0.0,0.0,0.0,0.0,0.0,0.0,0.0,0.0,0.0,1.0,google
Hotel Park N,vijayawada,Andhra Pradesh,Hotel,3.0,3.9,,2776.0,,,1.0,1.0,0.0,1.0,1.0,0.0,0.0,1.0,0.0,0.0,0.0,0.0,0.0,1.0,1.0,google
Ibis Coimbatore City Centre,coimbatore,Tamil Nadu,Hotel,3.0,4.4,,3472.0,,,1.0,1.0,0.0,1.0,1.0,1.0,0.0,1.0,0.0,1.0,0.0,0.0,0.0,0.0,1.0,google
Hash Six Hotels,coimbatore,Tamil Nadu,Hotel,4.0,4.2,,3213.0,,,1.0,1.0,1.0,1.0,1.0,1.0,1.0,0.0,0.0,1.0,0.0,0.0,0.0,0.0,0.0,google
Hotel Grand Palace,coimbatore,Tamil Nadu,Hotel,3.0,4.0,,1310.0,,,1.0,1.0,0.0,1.0,1.0,0.0,0.0,1.0,0.0,0.0,0.0,0.0,0.0,1.0,1.0,google
Holiday Residency,coimbatore,Tamil Nadu,Hotel,3.0,4.4,,2874.0,,,1.0,1.0,1.0,1.0,1.0,1.0,0.0,1.0,1.0,0.0,0.0,0.0,0.0,0.0,0.0,google
IVY Residency,coimbatore,Tamil Nadu,Hotel,,4.4,,1316.0,,,1.0,1.0,0.0,1.0,0.0,0.0,0.0,0.0,0.0,0.0,0.0,0.0,0.0,0.0,0.0,google
"Crystal Lake Suites, Coimbatore",coimbatore,Tamil Nadu,Hotel,,4.7,,1806.0,,,1.0,1.0,0.0,1.0,1.0,0.0,0.0,1.0,0.0,0.0,0.0,0.0,0.0,0.0,1.0,google
Sugam Hotel Pvt Ltd,coimbatore,Tamil Nadu,Hotel,2.0,3.2,,650.0,,,1.0,0.0,0.0,0.0,1.0,0.0,0.0,0.0,0.0,0.0,1.0,0.0,0.0,0.0,1.0,google
Hotel Lovely Nest,coimbatore,Tamil Nadu,Hotel,,4.0,,894.0,,,1.0,1.0,0.0,1.0,1.0,0.0,0.0,0.0,0.0,1.0,1.0,0.0,0.0,1.0,0.0,google
HOTEL RAAMUS,coimbatore,Tamil Nadu,Hotel,1.0,3.6,,968.0,,,1.0,1.0,0.0,1.0,1.0,0.0,0.0,1.0,0.0,1.0,0.0,0.0,0.0,0.0,1.0,google
Hotel Thaai Coimbatore - Opposite Railway Station,coimbatore,Tamil Nadu,Hotel,3.0,3.9,,1568.0,,,1.0,0.0,0.0,1.0,1.0,0.0,0.0,1.0,0.0,0.0,1.0,0.0,0.0,1.0,1.0,google
Hotel Vintage Castle,coimbatore,Tamil Nadu,Hotel,,4.4,,1592.0,,,1.0,1.0,0.0,1.0,0.0,0.0,0.0,0.0,0.0,0.0,0.0,0.0,0.0,1.0,1.0,google
Hotel Kooloth Lake View Residency,coimbatore,Tamil Nadu,Hotel,2.0,3.5,,881.0,,,1.0,0.0,0.0,1.0,1.0,0.0,0.0,0.0,0.0,0.0,1.0,0.0,0.0,0.0,1.0,google
iStay - Hotels in Coimbatore,coimbatore,Tamil Nadu,Hotel,3.0,4.3,,2502.0,,,1.0,1.0,0.0,1.0,1.0,0.0,0.0,1.0,0.0,0.0,1.0,0.0,0.0,0.0,1.0,google
Ibis Coimbatore City Centre,coimbatore,Tamil Nadu,Hotel,3.0,4.4,,3437.0,,,1.0,1.0,0.0,1.0,1.0,1.0,0.0,1.0,0.0,1.0,0.0,0.0,0.0,0.0,1.0,google
Hotel Chanma International,coimbatore,Tamil Nadu,Hotel,3.0,3.4,,1082.0,,,1.0,1.0,1.0,1.0,1.0,1.0,0.0,1.0,0.0,0.0,0.0,0.0,0.0,0.0,1.0,google
Chetinaad Courtyard,coimbatore,Tamil Nadu,Hotel,3.0,4.1,,2500.0,,,1.0,1.0,0.0,1.0,1.0,0.0,0.0,1.0,0.0,0.0,1.0,0.0,0.0,0.0,1.0,google
"Welcomhotel By ITC Hotels, Race Course, Coimbatore- LEED® Platinum and Zero Carbon Certified Premium Hotel| Centrally located",coimbatore,Tamil Nadu,Hotel,5.0,4.5,,5695.0,,,1.0,1.0,1.0,1.0,0.0,1.0,1.0,1.0,1.0,0.0,0.0,0.0,0.0,0.0,0.0,google
"HOTEL VIJAY PARK INN, RAMNAGAR, COIMBATORE, TAMILNADU",coimbatore,Tamil Nadu,Hotel,3.0,4.1,,2177.0,,,1.0,1.0,0.0,1.0,1.0,0.0,0.0,1.0,1.0,0.0,0.0,0.0,0.0,0.0,1.0,google
"FabHotel Jansi Deluxe - Hotel in Gandhipuram, Coimbatore",coimbatore,Tamil Nadu,Hotel,3.0,3.2,,1411.0,,,1.0,1.0,0.0,1.0,1.0,0.0,0.0,0.0,0.0,0.0,1.0,0.0,0.0,0.0,1.0,google
Plaza Inn,coimbatore,Tamil Nadu,Hotel,3.0,4.0,,1646.0,,,1.0,1.0,0.0,1.0,1.0,0.0,0.0,1.0,0.0,0.0,0.0,0.0,0.0,1.0,1.0,google
IKON by Annapoorna,coimbatore,Tamil Nadu,Hotel,4.0,4.5,,4278.0,,,1.0,1.0,0.0,1.0,1.0,1.0,0.0,1.0,1.0,0.0,0.0,0.0,0.0,0.0,1.0,google
Itsy By Treebo - Corner stay,coimbatore,Tamil Nadu,Hotel,3.0,3.8,,2453.0,,,1.0,1.0,0.0,1.0,1.0,0.0,0.0,0.0,0.0,0.0,1.0,0.0,0.0,0.0,1.0,google
Hotel The Grand Palace,ghaziabad,Uttar Pradesh,Hotel,,4.1,,2132.0,,,1.0,1.0,1.0,1.0,1.0,1.0,1.0,0.0,0.0,1.0,0.0,0.0,0.0,0.0,1.0,google
The Roseman Hotel & Suites,ghaziabad,Uttar Pradesh,Hotel,,4.3,,2727.0,,,1.0,1.0,1.0,1.0,1.0,0.0,0.0,1.0,0.0,0.0,0.0,0.0,0.0,1.0,1.0,google
Taj Studios - Luxury Stay in Gaur City Mall (1st time in Greate Noida West),ghaziabad,Uttar Pradesh,Hotel,,3.1,,2335.0,,,1.0,1.0,0.0,1.0,0.0,0.0,0.0,0.0,0.0,0.0,0.0,0.0,0.0,0.0,0.0,google
Mahagun Sarovar Portico Suites,ghaziabad,Uttar Pradesh,Hotel,4.0,4.1,,5040.0,,,1.0,1.0,1.0,1.0,1.0,1.0,1.0,1.0,0.0,0.0,0.0,0.0,0.0,0.0,0.0,google
Swiss Hotel,ghaziabad,Uttar Pradesh,Hotel,3.0,3.7,,1519.0,,,0.0,1.0,1.0,0.0,1.0,0.0,0.0,1.0,0.0,0.0,1.0,0.0,0.0,0.0,1.0,google
The Roseman Hotel & Suites,ghaziabad,Uttar Pradesh,Hotel,,4.3,,2426.0,,,1.0,1.0,1.0,1.0,1.0,0.0,0.0,1.0,0.0,0.0,0.0,0.0,0.0,1.0,1.0,google
Hotel Royal Park,ghaziabad,Uttar Pradesh,Hotel,3.0,3.6,,2258.0,,,1.0,1.0,1.0,1.0,1.0,0.0,0.0,1.0,1.0,0.0,0.0,0.0,0.0,0.0,1.0,google
"Country Inn & Suites by Radisson, Sahibabad, Distt Ghaziabad (U.P.)",ghaziabad,Uttar Pradesh,Hotel,5.0,4.5,,8439.0,,,1.0,1.0,1.0,1.0,1.0,1.0,1.0,0.0,0.0,0.0,0.0,0.0,1.0,0.0,0.0,google
"Luxury Stay in Mall with PVR, Shopper Stop, Lifestyle, Food Court With All Brands",ghaziabad,Uttar Pradesh,Hotel,,2.6,,2237.0,,,1.0,1.0,0.0,1.0,0.0,0.0,0.0,0.0,0.0,0.0,0.0,0.0,0.0,0.0,0.0,google
Green Palms Hotel,ghaziabad,Uttar Pradesh,Hotel,,4.1,,4023.0,,,1.0,1.0,1.0,0.0,1.0,0.0,0.0,1.0,1.0,0.0,0.0,0.0,0.0,0.0,1.0,google
Hotel Krishna Sagar NH 24,ghaziabad,Uttar Pradesh,Hotel,3.0,3.7,,2170.0,,,1.0,1.0,1.0,1.0,1.0,0.0,0.0,1.0,0.0,0.0,0.0,0.0,0.0,0.0,1.0,google
Golden Tulip Vasundhara,ghaziabad,Uttar Pradesh,Hotel,4.0,4.1,,7370.0,,,1.0,1.0,1.0,1.0,1.0,1.0,0.0,1.0,0.0,0.0,0.0,0.0,0.0,0.0,1.0,google
Kinsfolk,ghaziabad,Uttar Pradesh,Hotel,,4.0,,1275.0,,,1.0,1.0,1.0,0.0,1.0,0.0,0.0,0.0,0.0,0.0,0.0,0.0,0.0,0.0,1.0,google
Rosellia Banquets & Suites,ghaziabad,Uttar Pradesh,Hotel,,4.5,,1904.0,,,0.0,0.0,0.0,0.0,0.0,0.0,0.0,0.0,0.0,0.0,0.0,0.0,0.0,0.0,0.0,google
Hotel frank Inn,ghaziabad,Uttar Pradesh,Hotel,3.0,3.6,,651.0,,,1.0,1.0,1.0,1.0,0.0,0.0,0.0,0.0,0.0,0.0,1.0,0.0,0.0,0.0,0.0,google
Hotel Royal Residency,ghaziabad,Uttar Pradesh,Hotel,3.0,3.6,,1600.0,,,1.0,1.0,0.0,1.0,0.0,0.0,0.0,1.0,0.0,0.0,0.0,0.0,0.0,1.0,1.0,google
Clarks Inn Kaushambi,ghaziabad,Uttar Pradesh,Hotel,3.0,3.2,,1791.0,,,1.0,1.0,0.0,1.0,1.0,0.0,0.0,1.0,0.0,0.0,1.0,0.0,0.0,0.0,1.0,google
Ace Manor (L'ELEGANT Hotel & Banquet),ghaziabad,Uttar Pradesh,Hotel,3.0,3.8,,1906.0,,,1.0,1.0,1.0,1.0,1.0,0.0,0.0,1.0,0.0,0.0,0.0,0.0,0.0,0.0,1.0,google
Hotel The Grand Palace,ghaziabad,Uttar Pradesh,Hotel,,4.1,,2131.0,,,1.0,1.0,1.0,1.0,1.0,1.0,1.0,0.0,0.0,1.0,0.0,0.0,0.0,0.0,1.0,google
Hotel Krishna Sagar,ghaziabad,Uttar Pradesh,Hotel,3.0,4.0,,3819.0,,,1.0,1.0,1.0,1.0,1.0,0.0,0.0,1.0,0.0,0.0,0.0,0.0,0.0,0.0,1.0,google
Bharat Guest House by Golden Plate,ghaziabad,Uttar Pradesh,Hotel,,4.2,,2464.0,,,0.0,0.0,0.0,0.0,0.0,0.0,0.0,0.0,0.0,0.0,0.0,0.0,0.0,0.0,0.0,google
Itsy by Treebo - Royal Galaxy,allahabad,Uttar Pradesh,Hotel,,4.0,,1342.0,,,1.0,1.0,1.0,0.0,1.0,0.0,0.0,0.0,0.0,1.0,0.0,0.0,0.0,0.0,1.0,google
Hotel Ravisha Continental,allahabad,Uttar Pradesh,Hotel,3.0,4.0,,3486.0,,,1.0,1.0,0.0,1.0,1.0,0.0,0.0,1.0,0.0,0.0,1.0,0.0,0.0,0.0,1.0,google
Hotel Triveni Darshan,allahabad,Uttar Pradesh,Hotel,3.0,4.1,,1429.0,,,1.0,1.0,0.0,1.0,1.0,0.0,0.0,1.0,0.0,0.0,0.0,0.0,0.0,0.0,1.0,google
The Prayaraj House,allahabad,Uttar Pradesh,Hotel,,3.0,,1216.0,,,0.0,1.0,0.0,1.0,0.0,0.0,0.0,0.0,0.0,0.0,0.0,0.0,0.0,0.0,0.0,google
Hotel Prayag,allahabad,Uttar Pradesh,Hotel,3.0,3.5,,1680.0,,,1.0,1.0,1.0,1.0,1.0,0.0,0.0,1.0,0.0,0.0,0.0,0.0,0.0,0.0,1.0,google
Grand Continental Hotel,allahabad,Uttar Pradesh,Hotel,3.0,4.1,,4309.0,,,1.0,1.0,1.0,1.0,1.0,1.0,1.0,0.0,1.0,0.0,0.0,0.0,0.0,0.0,0.0,google
"Hotel Kanha Shyam, Prayagraj",allahabad,Uttar Pradesh,Hotel,4.0,4.1,,4375.0,,,1.0,1.0,0.0,1.0,1.0,1.0,1.0,1.0,1.0,0.0,0.0,0.0,0.0,0.0,0.0,google
WelcomHeritage Badi Kothi,allahabad,Uttar Pradesh,Hotel,,4.3,,6738.0,,,1.0,1.0,1.0,0.0,1.0,0.0,0.0,1.0,0.0,0.0,0.0,0.0,0.0,0.0,1.0,google
Hotel Hira Inn,allahabad,Uttar Pradesh,Hotel,,4.8,,3226.0,,,1.0,1.0,1.0,0.0,1.0,0.0,0.0,1.0,0.0,0.0,0.0,0.0,0.0,0.0,1.0,google
Luxmi Hotel,allahabad,Uttar Pradesh,Hotel,,2.9,,646.0,,,1.0,1.0,0.0,1.0,1.0,0.0,0.0,1.0,0.0,0.0,1.0,0.0,0.0,1.0,1.0,google
Hotel Milan (A Boutique Hotel),allahabad,Uttar Pradesh,Hotel,3.0,3.6,,1572.0,,,1.0,1.0,0.0,1.0,1.0,0.0,0.0,1.0,0.0,0.0,0.0,0.0,0.0,1.0,1.0,google
Hotel Haidri Inn,allahabad,Uttar Pradesh,Hotel,,3.4,,569.0,,,1.0,1.0,1.0,1.0,0.0,0.0,0.0,0.0,0.0,0.0,0.0,0.0,0.0,0.0,1.0,google
Orchard One Hotel,allahabad,Uttar Pradesh,Hotel,,3.9,,3040.0,,,1.0,1.0,0.0,1.0,1.0,0.0,0.0,1.0,0.0,0.0,1.0,0.0,0.0,0.0,1.0,google
City Hotel,allahabad,Uttar Pradesh,Hotel,2.0,3.1,,816.0,,,1.0,0.0,1.0,1.0,0.0,0.0,0.0,1.0,0.0,1.0,1.0,0.0,0.0,0.0,0.0,google
Hotel Fortune Suites,allahabad,Uttar Pradesh,Hotel,,4.9,,1736.0,,,0.0,0.0,0.0,0.0,0.0,0.0,0.0,0.0,0.0,0.0,0.0,0.0,0.0,0.0,0.0,google
Hotel Prayag Inn,allahabad,Uttar Pradesh,Hotel,3.0,3.9,,2470.0,,,1.0,1.0,1.0,1.0,1.0,0.0,0.0,1.0,0.0,0.0,0.0,0.0,0.0,1.0,1.0,google
Advantage Inn,allahabad,Uttar Pradesh,Hotel,,4.6,,2423.0,,,1.0,1.0,1.0,0.0,1.0,0.0,0.0,0.0,0.0,0.0,0.0,0.0,0.0,0.0,1.0,google
Landmark Inn,allahabad,Uttar Pradesh,Hotel,,4.3,,2622.0,,,1.0,1.0,0.0,0.0,1.0,0.0,0.0,0.0,0.0,0.0,1.0,0.0,0.0,0.0,1.0,google
"Millennium Inn, Prayagraj",allahabad,Uttar Pradesh,Hotel,4.0,4.2,,4631.0,,,1.0,1.0,0.0,1.0,1.0,0.0,0.0,1.0,0.0,0.0,0.0,0.0,0.0,1.0,1.0,google
Stay Inn Hotel,allahabad,Uttar Pradesh,Hotel,3.0,3.7,,1535.0,,,1.0,0.0,0.0,1.0,1.0,0.0,0.0,1.0,0.0,0.0,1.0,0.0,0.0,1.0,0.0,google
Hotel Hira Inn,allahabad,Uttar Pradesh,Hotel,,4.8,,4212.0,,,1.0,1.0,1.0,0.0,1.0,0.0,0.0,1.0,0.0,0.0,0.0,0.0,0.0,0.0,1.0,google
City Hotel,allahabad,Uttar Pradesh,Hotel,2.0,3.1,,817.0,,,1.0,0.0,1.0,1.0,0.0,0.0,0.0,1.0,0.0,1.0,1.0,0.0,0.0,0.0,0.0,google
Treebo Trend Grand Town House,faridabad,Haryana,Hotel,,4.2,,1578.0,,,1.0,1.0,1.0,1.0,1.0,0.0,0.0,1.0,0.0,0.0,0.0,0.0,0.0,0.0,1.0,google
Hotel Sewa Grand,faridabad,Haryana,Hotel,3.0,3.6,,2963.0,,,1.0,1.0,1.0,1.0,1.0,0.0,0.0,1.0,0.0,0.0,0.0,0.0,0.0,0.0,1.0,google
Vibe By The LaLiT Traveller,faridabad,Haryana,Hotel,4.0,4.0,,2763.0,,,1.0,1.0,1.0,1.0,1.0,1.0,0.0,1.0,1.0,0.0,0.0,0.0,0.0,0.0,0.0,google
Goldfinch Hotel Delhi NCR,faridabad,Haryana,Hotel,4.0,3.9,,3829.0,,,1.0,1.0,1.0,1.0,1.0,1.0,0.0,1.0,1.0,0.0,0.0,0.0,0.0,0.0,0.0,google
Vivanta Surajkund,faridabad,Haryana,Hotel,5.0,4.5,,6946.0,,,1.0,1.0,1.0,1.0,1.0,1.0,1.0,0.0,0.0,1.0,0.0,0.0,0.0,0.0,0.0,google
"Radisson Blu Hotel, Faridabad",faridabad,Haryana,Hotel,5.0,4.6,,6437.0,,,1.0,1.0,1.0,1.0,1.0,1.0,1.0,0.0,1.0,0.0,0.0,0.0,0.0,0.0,0.0,google
Hotel Delite,faridabad,Haryana,Hotel,,3.9,,2940.0,,,1.0,1.0,0.0,1.0,1.0,0.0,0.0,1.0,0.0,0.0,1.0,0.0,0.0,0.0,1.0,google
Park Plaza Faridabad,faridabad,Haryana,Hotel,4.0,4.1,,7252.0,,,1.0,1.0,1.0,1.0,1.0,1.0,1.0,0.0,1.0,0.0,0.0,0.0,0.0,0.0,0.0,google
Lavit Hotel,faridabad,Haryana,Hotel,,4.2,,2329.0,,,0.0,0.0,0.0,0.0,0.0,0.0,0.0,0.0,0.0,0.0,0.0,0.0,0.0,0.0,0.0,google
Sarovar Portico Surajkund,faridabad,Haryana,Hotel,,3.9,,4021.0,,,1.0,1.0,0.0,1.0,1.0,1.0,1.0,1.0,0.0,0.0,0.0,0.0,0.0,1.0,1.0,google
Ceremony Hotel and Banquets,faridabad,Haryana,Hotel,,4.1,,1282.0,,,0.0,0.0,0.0,0.0,0.0,0.0,0.0,0.0,0.0,0.0,0.0,0.0,0.0,0.0,0.0,google
Ginger Faridabad,faridabad,Haryana,Hotel,3.0,3.6,,3023.0,,,1.0,1.0,0.0,1.0,1.0,1.0,0.0,0.0,0.0,0.0,1.0,0.0,0.0,0.0,0.0,google
Hotel Bay Laurel Retreat,faridabad,Haryana,Hotel,,4.3,,3724.0,,,1.0,1.0,1.0,1.0,0.0,0.0,0.0,1.0,0.0,0.0,0.0,0.0,0.0,0.0,1.0,google
SKY MANSION,faridabad,Haryana,Hotel,,4.3,,3344.0,,,1.0,0.0,0.0,0.0,0.0,0.0,0.0,0.0,0.0,0.0,0.0,0.0,0.0,0.0,0.0,google
Hotel View - A Boutique Hotel,faridabad,Haryana,Hotel,,4.2,,1337.0,,,0.0,0.0,0.0,0.0,0.0,0.0,0.0,0.0,0.0,0.0,0.0,0.0,0.0,0.0,0.0,google
Hotel Saffron Kiran,faridabad,Haryana,Hotel,3.0,3.9,,3004.0,,,1.0,1.0,1.0,1.0,1.0,0.0,0.0,1.0,1.0,0.0,0.0,0.0,0.0,0.0,1.0,google
Vibe By The LaLiT Traveller,faridabad,Haryana,Hotel,4.0,4.0,,3890.0,,,1.0,1.0,1.0,1.0,1.0,1.0,0.0,1.0,1.0,0.0,0.0,0.0,0.0,0.0,0.0,google
Goldfinch Hotel Delhi NCR,faridabad,Haryana,Hotel,4.0,3.9,,5039.0,,,1.0,1.0,1.0,1.0,1.0,1.0,0.0,1.0,1.0,0.0,0.0,0.0,0.0,0.0,0.0,google
Canary Inn,hazaribagh,Jharkhand,Hotel,,3.9,,3483.0,,,0.0,0.0,0.0,0.0,0.0,0.0,0.0,0.0,0.0,0.0,0.0,0.0,0.0,0.0,0.0,google
Hotel Nikunj,hazaribagh,Jharkhand,Hotel,,4.0,,2722.0,,,1.0,1.0,0.0,0.0,0.0,0.0,0.0,0.0,0.0,0.0,0.0,0.0,0.0,0.0,1.0,google
Hotel Hill Side,hazaribagh,Jharkhand,Hotel,,3.8,,1411.0,,,1.0,1.0,1.0,0.0,1.0,0.0,0.0,0.0,0.0,0.0,0.0,0.0,0.0,0.0,0.0,google
Canary Inn,hazaribagh,Jharkhand,Hotel,,3.9,,3357.0,,,0.0,0.0,0.0,0.0,0.0,0.0,0.0,0.0,0.0,0.0,0.0,0.0,0.0,0.0,0.0,google
Hotel Skylok,hazaribagh,Jharkhand,Hotel,,3.3,,6771.0,,,1.0,0.0,0.0,0.0,0.0,0.0,0.0,0.0,0.0,0.0,1.0,0.0,0.0,0.0,0.0,google
Hotel Sri Vinayak,hazaribagh,Jharkhand,Hotel,,3.8,,4272.0,,,1.0,1.0,0.0,1.0,1.0,1.0,0.0,1.0,0.0,0.0,0.0,0.0,0.0,0.0,1.0,google
Hotel Aranya Vihar,hazaribagh,Jharkhand,Hotel,,4.2,,2563.0,,,1.0,1.0,0.0,1.0,1.0,0.0,0.0,1.0,1.0,0.0,0.0,0.0,0.0,1.0,1.0,google
Hotel Samrat Inn,hazaribagh,Jharkhand,Hotel,,3.6,,3515.0,,,1.0,1.0,0.0,1.0,0.0,0.0,0.0,0.0,0.0,0.0,1.0,0.0,0.0,0.0,0.0,google
Hotel AK International,hazaribagh,Jharkhand,Hotel,,3.6,,4060.0,,,0.0,0.0,0.0,0.0,0.0,0.0,0.0,0.0,0.0,0.0,0.0,0.0,0.0,0.0,0.0,google
Hotel Nikunj,hazaribagh,Jharkhand,Hotel,,4.0,,1845.0,,,1.0,1.0,0.0,0.0,0.0,0.0,0.0,0.0,0.0,0.0,0.0,0.0,0.0,0.0,1.0,google
Hotel Yamuna palace,hazaribagh,Jharkhand,Hotel,,3.6,,2079.0,,,1.0,1.0,0.0,1.0,0.0,0.0,0.0,0.0,0.0,0.0,0.0,0.0,0.0,0.0,0.0,google
Hotel Nandgaon & Highway Delight Veg. Restaurant,hazaribagh,Jharkhand,Hotel,3.0,3.8,,1526.0,,,0.0,1.0,0.0,1.0,1.0,0.0,0.0,1.0,0.0,0.0,1.0,0.0,0.0,1.0,0.0,google
Hotel Bhandara Park,hazaribagh,Jharkhand,Hotel,,4.0,,2527.0,,,1.0,0.0,0.0,0.0,0.0,0.0,0.0,0.0,0.0,0.0,0.0,0.0,0.0,0.0,0.0,google
"Manokamna Restaurant, Bar & Lodge",hazaribagh,Jharkhand,Hotel,,3.7,,5123.0,,,1.0,1.0,0.0,1.0,0.0,0.0,0.0,1.0,0.0,0.0,1.0,0.0,0.0,0.0,1.0,google
"Manokamna Restaurant, Bar & Lodge",hazaribagh,Jharkhand,Hotel,,3.7,,5199.0,,,1.0,1.0,0.0,1.0,0.0,0.0,0.0,1.0,0.0,0.0,1.0,0.0,0.0,0.0,1.0,google
Hotel Aranya Vihar,hazaribagh,Jharkhand,Hotel,,4.2,,2600.0,,,1.0,1.0,0.0,1.0,1.0,0.0,0.0,1.0,1.0,0.0,0.0,0.0,0.0,1.0,1.0,google
Hotel Om Inn,gandhinagar,Gujarat,Hotel,,4.9,,2240.0,,,0.0,0.0,0.0,0.0,0.0,0.0,0.0,0.0,0.0,0.0,0.0,0.0,0.0,0.0,0.0,google
Hotel The Grand Vinayak,gandhinagar,Gujarat,Hotel,,4.3,,2034.0,,,1.0,1.0,0.0,1.0,1.0,0.0,0.0,1.0,0.0,0.0,0.0,0.0,0.0,0.0,1.0,google
Hotel Green City,gandhinagar,Gujarat,Hotel,,4.2,,1818.0,,,1.0,1.0,0.0,1.0,1.0,0.0,0.0,1.0,0.0,0.0,0.0,0.0,0.0,1.0,1.0,google
Infocity Club And Resort,gandhinagar,Gujarat,Hotel,,4.2,,3640.0,,,1.0,1.0,1.0,1.0,1.0,1.0,0.0,1.0,0.0,0.0,0.0,0.0,0.0,0.0,0.0,google
Hotel Prominent Corporate Residency,gandhinagar,Gujarat,Hotel,3.0,4.3,,4256.0,,,1.0,1.0,0.0,1.0,1.0,1.0,0.0,1.0,0.0,0.0,0.0,0.0,0.0,0.0,1.0,google
7 Wonders Hotel & Restaurant,gandhinagar,Gujarat,Hotel,,4.1,,2190.0,,,1.0,1.0,0.0,1.0,1.0,0.0,0.0,1.0,0.0,0.0,1.0,0.0,0.0,1.0,1.0,google
Hotel The Grand Vinayak,gandhinagar,Gujarat,Hotel,,4.3,,2034.0,,,1.0,1.0,0.0,1.0,1.0,0.0,0.0,1.0,0.0,0.0,0.0,0.0,0.0,0.0,1.0,google
Hotel Midway Residency,gandhinagar,Gujarat,Hotel,3.0,3.5,,1454.0,,,1.0,0.0,0.0,1.0,1.0,0.0,0.0,1.0,0.0,1.0,0.0,0.0,0.0,1.0,1.0,google
"Fortune Inn Haveli, Gandhinagar - Member ITC's hotel group",gandhinagar,Gujarat,Hotel,4.0,4.4,,7224.0,,,1.0,1.0,0.0,1.0,1.0,1.0,1.0,1.0,0.0,0.0,0.0,0.0,0.0,0.0,1.0,google
Skylon Hotel,gandhinagar,Gujarat,Hotel,,4.4,,1698.0,,,1.0,1.0,1.0,1.0,0.0,0.0,0.0,1.0,0.0,0.0,1.0,0.0,0.0,0.0,0.0,google
The Leela Gandhinagar,gandhinagar,Gujarat,Hotel,5.0,4.6,,11682.0,,,1.0,1.0,1.0,1.0,1.0,1.0,1.0,1.0,0.0,0.0,0.0,0.0,0.0,0.0,0.0,google
Hotel Middletown,gandhinagar,Gujarat,Hotel,,4.0,,1904.0,,,1.0,0.0,1.0,1.0,1.0,0.0,0.0,1.0,0.0,0.0,1.0,0.0,0.0,0.0,1.0,google
Super OYO Hotel Siddharth Inn,gandhinagar,Gujarat,Hotel,3.0,3.8,,1315.0,,,1.0,1.0,1.0,1.0,1.0,0.0,0.0,1.0,0.0,0.0,0.0,0.0,0.0,0.0,0.0,google
Cambay Sapphire Gandhinagar,gandhinagar,Gujarat,Hotel,4.0,3.4,,4284.0,,,1.0,1.0,1.0,1.0,1.0,1.0,1.0,1.0,0.0,0.0,0.0,0.0,0.0,0.0,0.0,google
Hotel Berlin - Gandhinagar,gandhinagar,Gujarat,Hotel,,3.8,,1853.0,,,0.0,1.0,1.0,1.0,1.0,0.0,0.0,1.0,0.0,0.0,1.0,0.0,0.0,0.0,1.0,google
Hotel tulsi palace,gandhinagar,Gujarat,Hotel,,3.7,,1230.0,,,0.0,0.0,0.0,0.0,0.0,0.0,0.0,0.0,0.0,0.0,0.0,0.0,0.0,0.0,0.0,google
Hotel President Inn,gandhinagar,Gujarat,Hotel,3.0,3.8,,2194.0,,,1.0,1.0,0.0,1.0,1.0,0.0,0.0,0.0,0.0,0.0,0.0,0.0,0.0,0.0,1.0,google
"FabHotel Siddharth Corporate - Hotels in Vavol, Gandhinagar",gandhinagar,Gujarat,Hotel,,4.2,,1916.0,,,1.0,1.0,0.0,1.0,1.0,0.0,0.0,0.0,0.0,0.0,1.0,0.0,0.0,0.0,1.0,google
HOTEL HILL CITY,gandhinagar,Gujarat,Hotel,,4.4,,2240.0,,,1.0,1.0,0.0,1.0,0.0,0.0,0.0,0.0,0.0,0.0,0.0,0.0,0.0,1.0,1.0,google
Hotel Om Inn,gandhinagar,Gujarat,Hotel,,4.9,,2240.0,,,0.0,0.0,0.0,0.0,0.0,0.0,0.0,0.0,0.0,0.0,0.0,0.0,0.0,0.0,0.0,google
Perfect Room in Perfect Bungalow,gandhinagar,Gujarat,Hotel,,3.6,,3710.0,,,1.0,1.0,0.0,1.0,0.0,0.0,0.0,0.0,0.0,0.0,0.0,0.0,0.0,0.0,0.0,google
Rooms in a Fully Furnished Bungalow,gandhinagar,Gujarat,Villa,,4.1,,5600.0,,,1.0,1.0,0.0,1.0,0.0,0.0,0.0,0.0,0.0,0.0,0.0,0.0,0.0,0.0,0.0,google
FabHotel Prime Blue Moon,gandhinagar,Gujarat,Hotel,,4.2,,3312.0,,,1.0,1.0,0.0,1.0,1.0,0.0,0.0,1.0,0.0,0.0,1.0,0.0,0.0,0.0,1.0,google
Hotel Siddharth inn,gandhinagar,Gujarat,Hotel,,3.9,,2333.0,,,1.0,1.0,0.0,1.0,1.0,0.0,0.0,1.0,0.0,0.0,1.0,0.0,0.0,0.0,1.0,google
Hotel TRIDEV,varanasi,Uttar Pradesh,Hotel,3.0,4.0,,3808.0,,,1.0,1.0,1.0,0.0,1.0,1.0,0.0,1.0,0.0,0.0,0.0,0.0,0.0,1.0,1.0,google
"Hotel Surya, Kaiser Palace",varanasi,Uttar Pradesh,Hotel,3.0,4.2,,4214.0,,,1.0,1.0,1.0,1.0,1.0,0.0,1.0,0.0,1.0,1.0,0.0,0.0,0.0,0.0,0.0,google
Varanasi Villa,varanasi,Uttar Pradesh,Hotel,,4.4,,2778.0,,,1.0,0.0,0.0,1.0,0.0,0.0,0.0,0.0,0.0,1.0,1.0,0.0,0.0,0.0,0.0,google
Hotel Four Element,varanasi,Uttar Pradesh,Hotel,,4.4,,3566.0,,,1.0,1.0,1.0,0.0,1.0,0.0,0.0,1.0,0.0,0.0,0.0,0.0,0.0,0.0,1.0,google
goSTOPS Varanasi,varanasi,Uttar Pradesh,Hotel,2.0,4.2,,978.0,,,1.0,1.0,0.0,1.0,1.0,0.0,0.0,1.0,0.0,1.0,0.0,0.0,0.0,1.0,0.0,google
Radisson Hotel Varanasi,varanasi,Uttar Pradesh,Hotel,5.0,4.2,,7824.0,,,1.0,1.0,1.0,1.0,1.0,1.0,1.0,0.0,1.0,0.0,0.0,0.0,0.0,0.0,0.0,google
Pearl Courtyard,varanasi,Uttar Pradesh,Hotel,4.0,4.3,,6957.0,,,1.0,1.0,0.0,1.0,1.0,0.0,0.0,1.0,0.0,0.0,0.0,0.0,0.0,1.0,1.0,google
Hotel Yash Residency Near Assi Ghat & BHU,varanasi,Uttar Pradesh,Hotel,3.0,3.8,,1338.0,,,1.0,1.0,0.0,1.0,1.0,0.0,0.0,0.0,0.0,1.0,0.0,0.0,0.0,0.0,1.0,google
Royal Guest House,varanasi,Uttar Pradesh,Hotel,3.0,4.1,,1009.0,,,1.0,0.0,0.0,1.0,1.0,0.0,0.0,1.0,0.0,1.0,0.0,0.0,0.0,1.0,1.0,google
Hotel Satkar,varanasi,Uttar Pradesh,Hotel,,4.8,,2528.0,,,1.0,0.0,1.0,1.0,1.0,0.0,0.0,1.0,0.0,0.0,0.0,0.0,0.0,0.0,1.0,google
"Rahi Tourist Bungalow, Varanasi",varanasi,Uttar Pradesh,Hotel,2.0,3.9,,1082.0,,,1.0,1.0,1.0,1.0,1.0,0.0,0.0,1.0,0.0,0.0,0.0,0.0,0.0,0.0,1.0,google
"Hotel Surya, Kaiser Palace",varanasi,Uttar Pradesh,Hotel,3.0,4.2,,4212.0,,,1.0,1.0,1.0,1.0,1.0,0.0,1.0,0.0,1.0,1.0,0.0,0.0,0.0,0.0,0.0,google
The Pinnacle Inn Sarnath - Best 4 Star Hotel in Sarnath,varanasi,Uttar Pradesh,Hotel,,4.1,,4627.0,,,1.0,1.0,1.0,1.0,1.0,1.0,1.0,1.0,0.0,0.0,0.0,0.0,0.0,0.0,1.0,google
Hotel Costa River,varanasi,Uttar Pradesh,Hotel,3.0,4.0,,3020.0,,,1.0,1.0,0.0,1.0,1.0,0.0,0.0,1.0,0.0,0.0,0.0,0.0,0.0,1.0,1.0,google
Green Villa Kashi,varanasi,Uttar Pradesh,Hotel,,3.1,,1313.0,,,1.0,1.0,0.0,1.0,0.0,0.0,0.0,0.0,0.0,0.0,0.0,0.0,0.0,0.0,0.0,google
BlueBells Varanasi,varanasi,Uttar Pradesh,Hotel,,3.3,,2700.0,,,1.0,1.0,0.0,1.0,0.0,0.0,0.0,0.0,0.0,0.0,0.0,0.0,0.0,0.0,0.0,google
Hotel Ganges Grand - Varanasi,varanasi,Uttar Pradesh,Hotel,3.0,4.0,,5914.0,,,1.0,1.0,0.0,1.0,1.0,0.0,0.0,1.0,0.0,0.0,0.0,0.0,0.0,1.0,1.0,google
Hotel Le Lotus Grand,varanasi,Uttar Pradesh,Hotel,,4.2,,2889.0,,,1.0,1.0,0.0,1.0,1.0,0.0,0.0,1.0,0.0,0.0,0.0,0.0,0.0,0.0,1.0,google
Family Guest House,varanasi,Uttar Pradesh,Hotel,1.0,4.5,,725.0,,,1.0,1.0,1.0,1.0,1.0,0.0,1.0,1.0,1.0,0.0,0.0,0.0,0.0,0.0,0.0,google
Leela Guest House,varanasi,Uttar Pradesh,Hotel,3.0,3.6,,914.0,,,1.0,0.0,1.0,1.0,0.0,0.0,0.0,1.0,0.0,0.0,1.0,0.0,0.0,1.0,0.0,google
Villa Benares,varanasi,Uttar Pradesh,Hotel,,4.2,,2910.0,,,1.0,1.0,0.0,1.0,1.0,0.0,0.0,1.0,0.0,1.0,0.0,0.0,0.0,1.0,1.0,google
Hotel Uday Palace Varanasi,varanasi,Uttar Pradesh,Hotel,3.0,4.1,,2922.0,,,1.0,1.0,0.0,1.0,1.0,0.0,0.0,1.0,0.0,0.0,0.0,0.0,0.0,1.0,1.0,google
Hotel Radiance Courtyard,varanasi,Uttar Pradesh,Hotel,,4.4,,3941.0,,,1.0,1.0,0.0,1.0,1.0,0.0,0.0,1.0,0.0,0.0,0.0,0.0,0.0,1.0,1.0,google
Hotel Four Element,varanasi,Uttar Pradesh,Hotel,,4.4,,3566.0,,,1.0,1.0,1.0,0.0,1.0,0.0,0.0,1.0,0.0,0.0,0.0,0.0,0.0,0.0,1.0,google
"The Fern Residency, Noida",noida,Uttar Pradesh,Hotel,,4.1,,5278.0,,,1.0,1.0,1.0,1.0,1.0,0.0,0.0,1.0,0.0,0.0,0.0,0.0,0.0,0.0,1.0,google
Treebo Trend Noida Grand,noida,Uttar Pradesh,Hotel,,4.0,,2371.0,,,1.0,1.0,0.0,0.0,1.0,0.0,0.0,1.0,0.0,0.0,0.0,0.0,0.0,0.0,1.0,google
Noida Suites,noida,Uttar Pradesh,Hotel,,3.7,,2036.0,,,1.0,1.0,0.0,1.0,0.0,0.0,0.0,0.0,0.0,0.0,0.0,0.0,0.0,0.0,0.0,google
Radisson Noida,noida,Uttar Pradesh,Hotel,5.0,4.3,,3584.0,,,1.0,1.0,1.0,1.0,1.0,1.0,1.0,0.0,1.0,0.0,0.0,0.0,0.0,0.0,0.0,google
"The Fern Residency, Noida",noida,Uttar Pradesh,Hotel,,4.1,,4677.0,,,1.0,1.0,1.0,1.0,1.0,0.0,0.0,1.0,0.0,0.0,0.0,0.0,0.0,0.0,1.0,google
Regenta Central Noida,noida,Uttar Pradesh,Hotel,,3.8,,4255.0,,,1.0,1.0,0.0,1.0,1.0,1.0,1.0,1.0,0.0,0.0,0.0,0.0,0.0,1.0,1.0,google
Taj Studios Private Luxury Studio Apartment Central Noida,noida,Uttar Pradesh,Hotel,,2.9,,2081.0,,,1.0,1.0,0.0,1.0,0.0,0.0,0.0,0.0,0.0,0.0,0.0,0.0,0.0,0.0,0.0,google
Hotel White Castle,noida,Uttar Pradesh,Hotel,3.0,3.9,,800.0,,,1.0,1.0,0.0,1.0,1.0,0.0,0.0,1.0,0.0,0.0,0.0,0.0,0.0,1.0,1.0,google
"Fortune Sector 27, Noida - Member ITC's hotel group",noida,Uttar Pradesh,Hotel,4.0,4.1,,7196.0,,,1.0,1.0,1.0,1.0,1.0,1.0,1.0,0.0,1.0,0.0,0.0,0.0,0.0,0.0,0.0,google
Hyphen Business Hotels,noida,Uttar Pradesh,Hotel,3.0,3.8,,2487.0,,,1.0,1.0,0.0,1.0,1.0,1.0,0.0,1.0,0.0,0.0,0.0,0.0,0.0,1.0,1.0,google
Park Ascent,noida,Uttar Pradesh,Hotel,4.0,4.2,,6215.0,,,1.0,1.0,0.0,1.0,1.0,1.0,0.0,1.0,1.0,0.0,0.0,0.0,0.0,0.0,1.0,google
Mosaic Hotel Noida,noida,Uttar Pradesh,Hotel,4.0,4.1,,6946.0,,,1.0,1.0,1.0,1.0,1.0,1.0,0.0,1.0,1.0,0.0,0.0,0.0,0.0,0.0,0.0,google
The Taj Studios .Com,noida,Uttar Pradesh,Hotel,,4.0,,2535.0,,,0.0,0.0,0.0,0.0,0.0,0.0,0.0,0.0,0.0,0.0,0.0,0.0,0.0,0.0,0.0,google
Shacon Suites,noida,Uttar Pradesh,Hotel,,4.6,,2785.0,,,1.0,0.0,0.0,0.0,0.0,0.0,0.0,0.0,0.0,0.0,1.0,0.0,0.0,0.0,0.0,google
The G8,noida,Uttar Pradesh,Hotel,4.0,4.0,,4616.0,,,1.0,1.0,0.0,1.0,1.0,0.0,0.0,1.0,0.0,0.0,0.0,0.0,0.0,1.0,1.0,google
Hotel Noida International,noida,Uttar Pradesh,Hotel,3.0,3.6,,1288.0,,,1.0,1.0,0.0,1.0,1.0,0.0,0.0,1.0,0.0,0.0,0.0,0.0,0.0,1.0,1.0,google
Hotel The Emporio A Corporate Suites,noida,Uttar Pradesh,Hotel,,4.9,,3347.0,,,0.0,0.0,0.0,0.0,0.0,0.0,0.0,0.0,0.0,0.0,0.0,0.0,0.0,0.0,0.0,google
Hotel Malhar Haveli,noida,Uttar Pradesh,Hotel,3.0,4.2,,3239.0,,,1.0,1.0,0.0,1.0,1.0,0.0,0.0,1.0,0.0,0.0,0.0,0.0,0.0,1.0,0.0,google
Ahuja Residency Noida,noida,Uttar Pradesh,Hotel,3.0,4.3,,3351.0,,,1.0,1.0,0.0,1.0,1.0,0.0,0.0,1.0,0.0,0.0,0.0,0.0,0.0,0.0,1.0,google
The Amaya Inn,noida,Uttar Pradesh,Hotel,,4.0,,2427.0,,,1.0,1.0,0.0,0.0,1.0,0.0,0.0,1.0,0.0,0.0,0.0,0.0,0.0,0.0,1.0,google
Treebo Trend House Inn - Hotel in Noida,noida,Uttar Pradesh,Hotel,3.0,3.7,,2378.0,,,1.0,0.0,1.0,1.0,1.0,0.0,0.0,1.0,0.0,0.0,0.0,0.0,0.0,0.0,1.0,google
Hotel Tri Sea,kanyakumari,Tamil Nadu,Hotel,3.0,4.1,,2215.0,,,1.0,1.0,1.0,1.0,1.0,0.0,1.0,1.0,0.0,0.0,0.0,0.0,0.0,0.0,1.0,google
Hotel Ocean Heritage,kanyakumari,Tamil Nadu,Hotel,3.0,4.0,,2800.0,,,1.0,0.0,0.0,1.0,1.0,0.0,0.0,1.0,0.0,0.0,0.0,0.0,0.0,1.0,1.0,google
Hotel Sea Land,kanyakumari,Tamil Nadu,Hotel,,4.4,,1738.0,,,1.0,1.0,1.0,0.0,0.0,0.0,0.0,0.0,0.0,0.0,0.0,0.0,0.0,0.0,0.0,google
The Gopinivas Grand,kanyakumari,Tamil Nadu,Hotel,3.0,4.5,,2240.0,,,1.0,1.0,1.0,0.0,1.0,0.0,0.0,1.0,0.0,0.0,0.0,0.0,0.0,0.0,1.0,google
Sparsa Kanyakumari,kanyakumari,Tamil Nadu,Hotel,3.0,3.8,,2192.0,,,1.0,1.0,1.0,1.0,1.0,1.0,1.0,1.0,0.0,0.0,0.0,0.0,0.0,0.0,0.0,google
New Cape Hotel,kanyakumari,Tamil Nadu,Hotel,3.0,3.9,,1177.0,,,1.0,1.0,0.0,1.0,1.0,0.0,0.0,0.0,0.0,0.0,0.0,0.0,0.0,1.0,1.0,google
Arunachala Inn,kanyakumari,Tamil Nadu,Hotel,,4.5,,2015.0,,,1.0,1.0,0.0,1.0,1.0,0.0,0.0,0.0,0.0,0.0,0.0,0.0,0.0,1.0,0.0,google
Hotel Melody Park,kanyakumari,Tamil Nadu,Hotel,2.0,4.0,,1016.0,,,1.0,0.0,0.0,1.0,1.0,0.0,0.0,1.0,0.0,0.0,0.0,0.0,0.0,1.0,1.0,google
Hotel Sivamurugan Kanyakumari,kanyakumari,Tamil Nadu,Hotel,3.0,4.0,,1357.0,,,1.0,1.0,0.0,1.0,1.0,0.0,0.0,1.0,0.0,0.0,0.0,0.0,0.0,0.0,1.0,google
Hotel Sea View,kanyakumari,Tamil Nadu,Hotel,3.0,4.0,,4845.0,,,1.0,1.0,0.0,1.0,1.0,0.0,0.0,1.0,1.0,0.0,0.0,0.0,0.0,0.0,1.0,google
Hotel Sky Ark,kanyakumari,Tamil Nadu,Hotel,3.0,4.0,,743.0,,,1.0,1.0,1.0,1.0,1.0,0.0,0.0,1.0,0.0,0.0,0.0,0.0,0.0,1.0,0.0,google
KKM Kanyakumari,kanyakumari,Tamil Nadu,Hotel,,4.4,,1179.0,,,1.0,1.0,0.0,1.0,1.0,0.0,0.0,0.0,0.0,0.0,0.0,0.0,0.0,0.0,1.0,google
Hotel Samudra,kanyakumari,Tamil Nadu,Hotel,3.0,3.9,,2019.0,,,1.0,1.0,1.0,1.0,1.0,0.0,0.0,0.0,0.0,0.0,0.0,0.0,0.0,1.0,0.0,google
Hotel Sunview,kanyakumari,Tamil Nadu,Hotel,,3.9,,1773.0,,,0.0,1.0,1.0,1.0,0.0,0.0,0.0,0.0,0.0,0.0,1.0,0.0,0.0,0.0,0.0,google
The Coral - Kanyakumari,kanyakumari,Tamil Nadu,Hotel,,4.4,,3495.0,,,0.0,0.0,0.0,0.0,0.0,0.0,0.0,0.0,0.0,0.0,0.0,0.0,0.0,0.0,0.0,google
Hotel Sun Park,kanyakumari,Tamil Nadu,Hotel,3.0,3.9,,1769.0,,,1.0,1.0,1.0,0.0,1.0,0.0,0.0,1.0,0.0,0.0,0.0,0.0,0.0,1.0,1.0,google
Hotel Ocean Heritage,kanyakumari,Tamil Nadu,Hotel,3.0,4.0,,2335.0,,,1.0,0.0,0.0,1.0,1.0,0.0,0.0,1.0,0.0,0.0,0.0,0.0,0.0,1.0,1.0,google
"TTDC Hotel Tamil Nadu, Kanyakumari",kanyakumari,Tamil Nadu,Hotel,,4.5,,2730.0,,,0.0,0.0,0.0,0.0,0.0,0.0,0.0,0.0,0.0,0.0,0.0,0.0,0.0,0.0,0.0,google
Hotel Singaar International,kanyakumari,Tamil Nadu,Hotel,3.0,3.5,,2350.0,,,1.0,1.0,1.0,1.0,1.0,0.0,0.0,1.0,1.0,0.0,0.0,0.0,0.0,0.0,1.0,google
Hotel Tri Sea,kanyakumari,Tamil Nadu,Hotel,3.0,4.1,,1756.0,,,1.0,1.0,1.0,1.0,1.0,0.0,1.0,1.0,0.0,0.0,0.0,0.0,0.0,0.0,1.0,google
Rehoboth Home Stay - Deluxe Double or Twin Room,kanyakumari,Tamil Nadu,House,,4.0,,1427.0,,,0.0,0.0,0.0,1.0,0.0,0.0,0.0,0.0,0.0,0.0,1.0,0.0,0.0,1.0,0.0,google
Hotel Sea Land,kanyakumari,Tamil Nadu,Hotel,,4.4,,1792.0,,,1.0,1.0,1.0,0.0,0.0,0.0,0.0,0.0,0.0,0.0,0.0,0.0,0.0,0.0,0.0,google
Hotel Samudra,kanyakumari,Tamil Nadu,Hotel,3.0,3.9,,2019.0,,,1.0,1.0,1.0,1.0,1.0,0.0,0.0,0.0,0.0,0.0,0.0,0.0,0.0,1.0,0.0,google
Zostel Srinagar,kashmir,Jammu and Kashmir,Hotel,,4.5,,2690.0,,,1.0,1.0,0.0,1.0,1.0,0.0,0.0,1.0,0.0,0.0,0.0,0.0,0.0,1.0,0.0,google
"The Montreal, Srinagar- Best Hotels/4 Star Hotels/Hotel Near Dal Lake/Hotel Near Mughal Garden",kashmir,Jammu and Kashmir,Hotel,,4.4,,8991.0,,,1.0,1.0,0.0,1.0,1.0,0.0,0.0,1.0,0.0,0.0,0.0,0.0,0.0,1.0,1.0,google
Floating Heaven Group Of House Boats,kashmir,Jammu and Kashmir,Hotel,,4.3,,5306.0,,,1.0,0.0,0.0,0.0,0.0,0.0,0.0,0.0,0.0,0.0,0.0,0.0,0.0,0.0,0.0,google
Naaz Kashmir (A Luxury Houseboat),kashmir,Jammu and Kashmir,Hotel,,3.3,,11968.0,,,1.0,0.0,0.0,1.0,0.0,0.0,0.0,0.0,0.0,0.0,0.0,0.0,0.0,0.0,0.0,google
Taj Palace Group Of House Boats,kashmir,Jammu and Kashmir,Hotel,,2.6,,1390.0,,,1.0,0.0,0.0,0.0,0.0,0.0,0.0,0.0,0.0,0.0,0.0,0.0,0.0,0.0,0.0,google
Colonels Retreat,kashmir,Jammu and Kashmir,Hotel,,4.8,,2100.0,,,1.0,1.0,0.0,1.0,0.0,0.0,0.0,0.0,0.0,0.0,0.0,0.0,0.0,1.0,0.0,google
Zostel Srinagar,kashmir,Jammu and Kashmir,Hotel,,4.5,,1853.0,,,1.0,1.0,0.0,1.0,1.0,0.0,0.0,1.0,0.0,0.0,0.0,0.0,0.0,1.0,0.0,google
Taj Palace Group of House Boats,kashmir,Jammu and Kashmir,Hotel,,3.5,,1359.0,,,0.0,0.0,0.0,0.0,0.0,0.0,0.0,0.0,0.0,0.0,0.0,0.0,0.0,0.0,0.0,google
"Vivanta Dal View, Srinagar",kashmir,Jammu and Kashmir,Hotel,5.0,4.5,,28656.0,,,1.0,1.0,1.0,1.0,1.0,1.0,1.0,0.0,0.0,1.0,0.0,0.0,0.0,0.0,0.0,google
The Khyber Himalayan Resort & Spa,kashmir,Jammu and Kashmir,Hotel,5.0,4.6,,53089.0,,,1.0,1.0,1.0,1.0,1.0,1.0,1.0,0.0,0.0,0.0,0.0,0.0,1.0,0.0,0.0,google
Jamal Resorts,kashmir,Jammu and Kashmir,Hotel,4.0,4.0,,4215.0,,,1.0,1.0,0.0,1.0,1.0,0.0,0.0,1.0,0.0,1.0,0.0,0.0,0.0,1.0,1.0,google
Hotel Village Walk,kashmir,Jammu and Kashmir,Hotel,,4.4,,9010.0,,,1.0,1.0,1.0,0.0,1.0,0.0,0.0,1.0,0.0,0.0,1.0,0.0,0.0,0.0,1.0,google
Hotel Lidder Spring Resorts,kashmir,Jammu and Kashmir,Hotel,4.0,4.4,,6850.0,,,1.0,1.0,1.0,0.0,1.0,0.0,0.0,1.0,0.0,0.0,0.0,0.0,0.0,1.0,1.0,google
"The Orchard Retreat & Spa, Srinagar",kashmir,Jammu and Kashmir,Hotel,5.0,4.3,,13794.0,,,1.0,1.0,1.0,1.0,1.0,1.0,1.0,0.0,0.0,0.0,0.0,0.0,1.0,0.0,0.0,google
Hotel New Green View Srinagar (Ghulam),kashmir,Jammu and Kashmir,Hotel,,3.8,,723.0,,,0.0,0.0,0.0,0.0,0.0,0.0,0.0,0.0,0.0,0.0,0.0,0.0,0.0,0.0,0.0,google
Hotel Taj Residency,kashmir,Jammu and Kashmir,Hotel,,3.8,,2290.0,,,1.0,1.0,0.0,0.0,1.0,0.0,0.0,1.0,0.0,0.0,0.0,0.0,0.0,0.0,1.0,google
Hotel Himalayan Resort,kashmir,Jammu and Kashmir,Hotel,3.0,4.1,,3920.0,,,1.0,1.0,0.0,0.0,1.0,0.0,0.0,1.0,1.0,1.0,0.0,0.0,0.0,0.0,1.0,google
Taj Palace Houseboat || Kashmir Glory Travels,kashmir,Jammu and Kashmir,Hotel,,4.1,,2097.0,,,1.0,0.0,0.0,0.0,1.0,0.0,0.0,0.0,0.0,0.0,1.0,0.0,0.0,0.0,0.0,google
Royal Hillton Pahalgam,kashmir,Jammu and Kashmir,Hotel,,4.3,,24156.0,,,1.0,1.0,0.0,0.0,1.0,0.0,0.0,1.0,0.0,1.0,0.0,0.0,0.0,1.0,1.0,google
"Welcomhotel By ITC Hotels, Pine N Peak, Pahalgam - Premium Resort Overlooking Lidder River And Snow Topped Mountains",kashmir,Jammu and Kashmir,Hotel,5.0,4.7,,26296.0,,,1.0,1.0,0.0,1.0,1.0,1.0,1.0,1.0,0.0,1.0,0.0,0.0,0.0,0.0,0.0,google
Hotel Heevan,kashmir,Jammu and Kashmir,Hotel,4.0,4.2,,64900.0,,,1.0,1.0,0.0,0.0,1.0,0.0,0.0,1.0,0.0,0.0,1.0,0.0,0.0,1.0,1.0,google
The LaLiT Grand Palace Srinagar,kashmir,Jammu and Kashmir,Hotel,5.0,4.3,,25370.0,,,1.0,1.0,1.0,1.0,1.0,1.0,1.0,0.0,1.0,0.0,0.0,0.0,0.0,0.0,0.0,google
"Radisson Blu Hotel, Jammu",kashmir,Jammu and Kashmir,Hotel,4.0,4.3,,6440.0,,,1.0,1.0,1.0,1.0,1.0,1.0,1.0,0.0,0.0,0.0,0.0,0.0,1.0,0.0,0.0,google
"The Orchard Retreat & Spa, Srinagar",kashmir,Jammu and Kashmir,Hotel,5.0,4.3,,14172.0,,,1.0,1.0,1.0,1.0,1.0,1.0,1.0,0.0,0.0,0.0,0.0,0.0,1.0,0.0,0.0,google
"Summit Namnang Courtyard & Spa, Gangtok",sikkim,Sikkim,Hotel,4.0,4.1,,4846.0,,,1.0,1.0,0.0,0.0,1.0,0.0,1.0,1.0,0.0,0.0,0.0,0.0,0.0,1.0,1.0,google
Denzong Regency,sikkim,Sikkim,Hotel,4.0,4.5,,10620.0,,,1.0,1.0,1.0,0.0,1.0,1.0,1.0,1.0,1.0,0.0,0.0,0.0,0.0,0.0,0.0,google
Yangsan Heritage Farm | Rooms & Guided Treks,sikkim,Sikkim,Hotel,,4.9,,4662.0,,,0.0,1.0,0.0,0.0,0.0,0.0,0.0,0.0,0.0,0.0,0.0,0.0,0.0,0.0,0.0,google
The Barfung Retreat,sikkim,Sikkim,Hotel,,4.2,,3077.0,,,1.0,1.0,0.0,0.0,0.0,0.0,0.0,0.0,0.0,0.0,0.0,0.0,0.0,1.0,0.0,google
"Karma Casa, Gangtok",sikkim,Sikkim,Hotel,,4.4,,3086.0,,,1.0,1.0,0.0,0.0,0.0,0.0,0.0,0.0,0.0,0.0,0.0,0.0,0.0,0.0,0.0,google
The Whistling Thrush,sikkim,Sikkim,Hotel,,4.8,,3180.0,,,0.0,1.0,0.0,0.0,0.0,0.0,0.0,0.0,0.0,0.0,0.0,0.0,0.0,0.0,0.0,google
Magpie Pachhu Village Resort,sikkim,Sikkim,Hotel,4.0,4.3,,4391.0,,,1.0,1.0,0.0,0.0,1.0,0.0,0.0,1.0,0.0,0.0,1.0,0.0,0.0,0.0,1.0,google
"MAYFAIR Spa Resort & Casino, Gangtok",sikkim,Sikkim,Hotel,5.0,4.4,,9800.0,,,1.0,1.0,1.0,1.0,1.0,1.0,1.0,0.0,0.0,0.0,0.0,0.0,1.0,0.0,0.0,google
Kaya Gantavya Resort & Spa | Pelling,sikkim,Sikkim,Hotel,,4.6,,5643.0,,,1.0,1.0,0.0,0.0,1.0,0.0,1.0,1.0,1.0,0.0,1.0,0.0,0.0,0.0,1.0,google
Great Eastern Valley Residency,sikkim,Sikkim,Hotel,,4.3,,769.0,,,0.0,0.0,0.0,0.0,0.0,0.0,0.0,0.0,0.0,0.0,1.0,0.0,0.0,0.0,0.0,google
"Udaan Hotels | Alpine Resort, Gangtok",sikkim,Sikkim,Hotel,3.0,4.6,,3360.0,,,1.0,1.0,0.0,0.0,1.0,0.0,0.0,1.0,0.0,0.0,1.0,0.0,0.0,0.0,1.0,google
"Vivanta Sikkim, Pakyong",sikkim,Sikkim,Hotel,5.0,4.4,,12980.0,,,1.0,1.0,1.0,0.0,1.0,0.0,1.0,1.0,0.0,1.0,0.0,0.0,0.0,0.0,1.0,google
Garden Retreat Hotel,sikkim,Sikkim,Hotel,,4.1,,1050.0,,,1.0,1.0,0.0,0.0,1.0,0.0,0.0,1.0,0.0,0.0,0.0,0.0,0.0,1.0,1.0,google
Central Hill Resort The Mall Road Gangtok,sikkim,Sikkim,Hotel,3.0,3.5,,1340.0,,,1.0,1.0,0.0,0.0,1.0,0.0,0.0,1.0,0.0,0.0,0.0,0.0,0.0,1.0,1.0,google
Superview Waterfall Homestay Rumtek,sikkim,Sikkim,Hotel,,4.2,,560.0,,,0.0,0.0,0.0,0.0,0.0,0.0,0.0,0.0,0.0,0.0,1.0,0.0,0.0,0.0,0.0,google
Zemu Gangtok,sikkim,Sikkim,Hotel,,4.7,,1098.0,,,1.0,1.0,0.0,0.0,1.0,0.0,0.0,1.0,1.0,1.0,0.0,0.0,0.0,1.0,1.0,google
Divine's The Elite Zong,sikkim,Sikkim,Hotel,,4.5,,1290.0,,,1.0,1.0,0.0,0.0,1.0,0.0,0.0,1.0,0.0,0.0,1.0,0.0,0.0,0.0,1.0,google
Hotel Alpha Omega,sikkim,Sikkim,Hotel,,5.0,,930.0,,,0.0,0.0,0.0,0.0,0.0,0.0,0.0,0.0,0.0,0.0,0.0,0.0,0.0,0.0,0.0,google
Hotel Sonam Delek,sikkim,Sikkim,Hotel,2.0,4.3,,1248.0,,,1.0,1.0,0.0,0.0,1.0,0.0,0.0,1.0,0.0,0.0,1.0,0.0,0.0,0.0,1.0,google
Sikkim Tourist Center,sikkim,Sikkim,Hotel,,4.3,,4914.0,,,1.0,1.0,1.0,0.0,1.0,0.0,0.0,1.0,0.0,0.0,1.0,0.0,0.0,0.0,1.0,google
Sterling Gangtok - Orange Village,sikkim,Sikkim,Hotel,4.0,4.0,,9186.0,,,1.0,1.0,0.0,1.0,1.0,1.0,1.0,1.0,1.0,0.0,0.0,0.0,0.0,0.0,0.0,google
SS BeachResort,varkala,Kerala,Hotel,3.0,4.0,,2160.0,,,1.0,1.0,1.0,1.0,1.0,0.0,0.0,1.0,0.0,0.0,0.0,0.0,0.0,0.0,1.0,google
Sajjoys Varkala,varkala,Kerala,Hotel,,4.7,,7018.0,,,1.0,1.0,1.0,1.0,1.0,1.0,1.0,1.0,0.0,0.0,0.0,0.0,0.0,0.0,0.0,google
Clafouti Beach Resort,varkala,Kerala,Hotel,3.0,4.1,,4556.0,,,1.0,1.0,0.0,1.0,1.0,0.0,0.0,1.0,0.0,0.0,0.0,0.0,0.0,1.0,1.0,google
Zostel Varkala,varkala,Kerala,Hotel,,4.6,,1790.0,,,1.0,1.0,0.0,1.0,1.0,0.0,0.0,1.0,0.0,0.0,0.0,0.0,0.0,0.0,0.0,google
Garden Bay Resort,varkala,Kerala,Hotel,,4.5,,1997.0,,,1.0,1.0,0.0,1.0,1.0,0.0,0.0,0.0,0.0,1.0,0.0,0.0,0.0,1.0,1.0,google
"The Lost Hostels, Varkala - Helipad",varkala,Kerala,Hotel,,4.5,,1113.0,,,1.0,0.0,0.0,0.0,1.0,0.0,0.0,0.0,0.0,0.0,1.0,0.0,0.0,1.0,0.0,google
SANDRA Eco Beach Resort,varkala,Kerala,Hotel,,4.7,,2800.0,,,0.0,0.0,0.0,0.0,0.0,0.0,0.0,0.0,0.0,0.0,0.0,0.0,0.0,0.0,0.0,google
Nebo hotel,varkala,Kerala,Hotel,,4.2,,3830.0,,,1.0,1.0,1.0,0.0,0.0,0.0,0.0,0.0,0.0,0.0,0.0,0.0,0.0,0.0,0.0,google
"Elixir Cliff Beach Resort and Spa,Varkala",varkala,Kerala,Hotel,,4.5,,8048.0,,,1.0,1.0,1.0,0.0,1.0,0.0,1.0,1.0,0.0,0.0,0.0,0.0,0.0,0.0,1.0,google
Kerala Bamboo House,varkala,Kerala,Hotel,2.0,4.1,,1043.0,,,1.0,1.0,1.0,1.0,0.0,0.0,1.0,0.0,0.0,0.0,0.0,0.0,0.0,0.0,1.0,google
Green Bay resort,varkala,Kerala,Hotel,,4.4,,1792.0,,,0.0,0.0,0.0,0.0,0.0,0.0,0.0,0.0,0.0,0.0,0.0,0.0,0.0,0.0,0.0,google
Sunview Beach Resort & Spa by Citrine,varkala,Kerala,Hotel,2.0,4.0,,5067.0,,,1.0,1.0,1.0,1.0,1.0,0.0,0.0,1.0,0.0,0.0,0.0,0.0,0.0,0.0,1.0,google
Tropical Temple,varkala,Kerala,Hotel,,4.8,,1814.0,,,0.0,0.0,0.0,0.0,0.0,0.0,0.0,0.0,0.0,0.0,0.0,0.0,0.0,0.0,0.0,google
Sand Castle Varkala,varkala,Kerala,Hotel,,4.5,,2018.0,,,0.0,0.0,0.0,0.0,0.0,0.0,0.0,0.0,0.0,0.0,0.0,0.0,0.0,0.0,0.0,google
"Soul, Varkala - Black Beach",varkala,Kerala,Hotel,,4.3,,1120.0,,,0.0,0.0,0.0,0.0,0.0,0.0,0.0,0.0,0.0,0.0,0.0,0.0,0.0,0.0,0.0,google
Paradise Inn Beach Resort,varkala,Kerala,Hotel,,4.6,,1442.0,,,0.0,0.0,0.0,0.0,0.0,0.0,0.0,0.0,0.0,0.0,0.0,0.0,0.0,0.0,0.0,google
Rachanas Black Beach Resort,varkala,Kerala,Hotel,2.0,3.8,,1999.0,,,1.0,1.0,1.0,1.0,1.0,0.0,0.0,1.0,0.0,1.0,0.0,0.0,0.0,0.0,0.0,google
Hindustan Beach Retreat,varkala,Kerala,Hotel,4.0,4.0,,6071.0,,,1.0,1.0,1.0,1.0,1.0,1.0,1.0,0.0,0.0,0.0,0.0,0.0,0.0,0.0,0.0,google
Mango Villa - Double or Twin Room with Garden View,varkala,Kerala,House,,4.7,,2768.0,,,0.0,0.0,0.0,1.0,0.0,0.0,0.0,0.0,0.0,0.0,0.0,0.0,0.0,1.0,0.0,google
THE VILLAGE,varkala,Kerala,Hotel,,3.0,,2576.0,,,1.0,1.0,0.0,1.0,0.0,0.0,0.0,0.0,0.0,0.0,0.0,0.0,0.0,0.0,0.0,google
Clafouti Beach Resort,varkala,Kerala,Hotel,3.0,4.1,,4556.0,,,1.0,1.0,0.0,1.0,1.0,0.0,0.0,1.0,0.0,0.0,0.0,0.0,0.0,1.0,1.0,google
"The Lost Hostels, Varkala - Helipad",varkala,Kerala,Hotel,,4.5,,1304.0,,,1.0,0.0,0.0,0.0,1.0,0.0,0.0,0.0,0.0,0.0,1.0,0.0,0.0,1.0,0.0,google
The Park Bangalore,bangalore,Karnataka,Hotel,5.0,3.9,4187.0,7567.0,,,,,,,,,,,,,,,,,,makemytrip
"Keys Select by Lemon Tree Hotels, Whitefield, Bengaluru",bangalore,Karnataka,Hotel,4.0,4.0,2201.0,1509.0,,,,,,,,,,,,,,,,,,makemytrip
ITC Windsor - A Luxury Collection Hotel,bangalore,Karnataka,Hotel,5.0,4.4,1315.0,9900.0,2.4,Bangalore Palace,,,,,,,,,,,,,,,,makemytrip
Lemon Tree Premier Ulsoor Lake Bangalore,bangalore,Karnataka,Hotel,5.0,4.0,5089.0,2347.0,0.77,Ulsoor Lake,,,,,,,,,,,,,,,,makemytrip
"Keys Select by Lemon Tree Hotels, Hosur Road, Bengaluru",bangalore,Karnataka,Hotel,4.0,4.0,3290.0,2522.0,,,,,,,,,,,,,,,,,,makemytrip
The Chancery Pavilion,bangalore,Karnataka,Hotel,5.0,3.8,4764.0,6580.0,2.4,MG Road,,,,,,,,,,,,,,,,makemytrip
Radisson Blu Atria Bengaluru,bangalore,Karnataka,Hotel,5.0,4.3,2372.0,10200.0,,,,,,,,,,,,,,,,,,makemytrip
Lemon Tree Hotel Electronics City Bangalore,bangalore,Karnataka,Hotel,4.0,4.1,2314.0,2598.0,,,,,,,,,,,,,,,,,,makemytrip
"Welcomhotel by ITC Hotels, Richmond Road, Bengaluru",bangalore,Karnataka,Hotel,5.0,4.3,2076.0,7700.0,,,,,,,,,,,,,,,,,,makemytrip
Grand Mercure Bangalore - An Accor Brand,bangalore,Karnataka,Hotel,5.0,4.3,426.0,9700.0,,,,,,,,,,,,,,,,,,makemytrip
Holiday Inn Express Bengaluru Yeshwantpur,bangalore,Karnataka,Hotel,3.0,3.7,1602.0,3680.0,,,,,,,,,,,,,,,,,,makemytrip
goSTOPS Bengaluru - Rooms & Dorms,bangalore,Karnataka,Hotel,,4.2,500.0,1098.0,,,,,,,,,,,,,,,,,,makemytrip
Holiday Inn Bengaluru Racecourse,bangalore,Karnataka,Hotel,5.0,4.0,2156.0,7249.0,,,,,,,,,,,,,,,,,,makemytrip
Fortune Select JP Cosmos - Member ITC Hotel Group,bangalore,Karnataka,Hotel,5.0,4.0,2944.0,5999.0,2.9,Bangalore Palace,,,,,,,,,,,,,,,,makemytrip
Hyatt Centric MG Road Bangalore,bangalore,Karnataka,Hotel,5.0,4.2,1162.0,6250.0,,,,,,,,,,,,,,,,,,makemytrip
Ibis Bengaluru City Centre - An Accor Brand,bangalore,Karnataka,Hotel,4.0,3.9,1805.0,4299.0,1.8,Cubbon Park,,,,,,,,,,,,,,,,makemytrip
"The Fern Residency - Yeshwanthpur, Bengaluru",bangalore,Karnataka,Hotel,4.0,4.0,1618.0,4112.0,,,,,,,,,,,,,,,,,,makemytrip
Ashraya International Hotel,bangalore,Karnataka,Hotel,3.0,3.7,664.0,2792.0,2.3,MG Road,,,,,,,,,,,,,,,,makemytrip
Davanam Sarovar Portico Suites,bangalore,Karnataka,Hotel,4.0,4.3,1865.0,5076.0,,,,,,,,,,,,,,,,,,makemytrip
"Taj M G Road, Bengaluru",bangalore,Karnataka,Hotel,5.0,4.6,1715.0,9000.0,2.9,MG Road,,,,,,,,,,,,,,,,makemytrip
Draper Startup House Koramangala | Dorms & Rooms,bangalore,Karnataka,Hotel,,4.4,222.0,1113.0,,,,,,,,,,,,,,,,,,makemytrip
The Lalit Ashok Bangalore,bangalore,Karnataka,Hotel,5.0,3.8,2542.0,6698.0,,,,,,,,,,,,,,,,,,makemytrip
"Vivanta Bengaluru, Residency Road",bangalore,Karnataka,Hotel,5.0,4.3,1022.0,7000.0,1.5,MG Road,,,,,,,,,,,,,,,,makemytrip
ibis Bengaluru Hebbal - An Accor Brand,bangalore,Karnataka,Hotel,4.0,4.1,237.0,4499.0,,,,,,,,,,,,,,,,,,makemytrip
Vividus,bangalore,Karnataka,Hotel,5.0,4.2,1791.0,6547.0,,,,,,,,,,,,,,,,,,makemytrip
Citrus Hotel Cunningham,bangalore,Karnataka,Hotel,5.0,4.1,1869.0,3934.0,0.78,Indira Gandhi Musical Fountain Park,,,,,,,,,,,,,,,,makemytrip
Citrus Classic Bengaluru,bangalore,Karnataka,Hotel,4.0,3.9,527.0,3575.0,,,,,,,,,,,,,,,,,,makemytrip
"Taj Yeshwantpur, Bengaluru",bangalore,Karnataka,Hotel,5.0,4.6,2138.0,7500.0,,,,,,,,,,,,,,,,,,makemytrip
Lemon Tree Hotel Whitefield,bangalore,Karnataka,Hotel,4.0,4.1,2327.0,2347.0,,,,,,,,,,,,,,,,,,makemytrip
"Golden Lotus Bangalore Boutique Suites | Rooms & Garden
Like a 3",bangalore,Karnataka,Hotel,,3.8,865.0,2660.0,3.0,MG Road,,,,,,,,,,,,,,,,makemytrip
Ramada Encore,bangalore,Karnataka,Hotel,4.0,4.4,4271.0,5640.0,,,,,,,,,,,,,,,,,,makemytrip
Ibis Bengaluru Hosur Road - An Accor Brand,bangalore,Karnataka,Hotel,3.0,3.9,1381.0,4499.0,,,,,,,,,,,,,,,,,,makemytrip
"The Oberoi, Bengaluru",bangalore,Karnataka,Hotel,5.0,4.7,1565.0,11500.0,,,,,,,,,,,,,,,,,,makemytrip
Holiday Inn Express Bengaluru Whitefield ITPL,bangalore,Karnataka,Hotel,3.0,3.5,1242.0,3399.0,,,,,,,,,,,,,,,,,,makemytrip
The Hosteller Bangalore Brigade Road,bangalore,Karnataka,Hotel,,,,1330.0,2.2,MG Road,,,,,,,,,,,,,,,,makemytrip
Ginger Bangalore (IRR),bangalore,Karnataka,Hotel,3.0,3.6,1639.0,1689.0,,,,,,,,,,,,,,,,,,makemytrip
Gokulam Grand Hotel & Spa,bangalore,Karnataka,Hotel,5.0,4.1,1537.0,6409.0,,,,,,,,,,,,,,,,,,makemytrip
Bloom Hotel - Airport Road Bengaluru,bangalore,Karnataka,Hotel,3.0,4.4,191.0,4000.0,7.7,Kempegowda Airport ,,,,,,,,,,,,,,,,makemytrip
Hotel Ramanashree Richmond Circle,bangalore,Karnataka,Hotel,3.0,3.8,686.0,2792.0,2.1,Cubbon Park,,,,,,,,,,,,,,,,makemytrip
"SRS Suites
Like a 3",bangalore,Karnataka,Hotel,,4.4,20.0,3178.0,,,,,,,,,,,,,,,,,,makemytrip
JP CORDIAL,bangalore,Karnataka,Hotel,3.0,3.7,1750.0,2726.0,,,,,,,,,,,,,,,,,,makemytrip
Taj Bangalore,bangalore,Karnataka,Hotel,5.0,4.6,1172.0,11750.0,0.9,Kempegowda Airport ,,,,,,,,,,,,,,,,makemytrip
Radisson Bengaluru City Center,bangalore,Karnataka,Hotel,4.0,4.5,1283.0,7500.0,,,,,,,,,,,,,,,,,,makemytrip
The Pride Hotel Bangalore,bangalore,Karnataka,Hotel,4.0,3.8,1526.0,4599.0,2.6,Cubbon Park,,,,,,,,,,,,,,,,makemytrip
BloomSuites | Electronic City,bangalore,Karnataka,Hotel,4.0,4.1,643.0,5000.0,,,,,,,,,,,,,,,,,,makemytrip
Southern Star Bangalore,bangalore,Karnataka,Hotel,4.0,3.9,1320.0,3082.0,0.91,MG Road,,,,,,,,,,,,,,,,makemytrip
Royal Orchid Central Bangalore,bangalore,Karnataka,Hotel,4.0,3.7,3836.0,5823.0,2.3,MG Road,,,,,,,,,,,,,,,,makemytrip
Shivas Galaxy Hotel,bangalore,Karnataka,Hotel,4.0,4.1,963.0,2900.0,8.2,Kempegowda Airport ,,,,,,,,,,,,,,,,makemytrip
"The Bouvice
Like a 3",bangalore,Karnataka,Hotel,,4.2,151.0,2279.0,,,,,,,,,,,,,,,,,,makemytrip
JW Marriott Bengaluru Prestige Golfshire Resort and Spa,bangalore,Karnataka,Hotel,5.0,4.7,100.0,25000.0,52.0,Bangalore city centre,,,,,,,,,,,,,,,,makemytrip
La Sara Grand (Formerly Known as Nandhana Grand),bangalore,Karnataka,Hotel,3.0,4.0,838.0,2939.0,,,,,,,,,,,,,,,,,,makemytrip
Zone By The Park Infantry,bangalore,Karnataka,Hotel,5.0,3.9,762.0,4252.0,1.9,MG Road,,,,,,,,,,,,,,,,makemytrip
The Chancery,bangalore,Karnataka,Hotel,4.0,3.9,2155.0,4230.0,0.98,MG Road,,,,,,,,,,,,,,,,makemytrip
Nash Inn Electronic City,bangalore,Karnataka,Hotel,,3.1,321.0,979.0,,,,,,,,,,,,,,,,,,makemytrip
Radisson Blu Bengaluru Outer Ring Road,bangalore,Karnataka,Hotel,5.0,4.2,1159.0,8000.0,,,,,,,,,,,,,,,,,,makemytrip
"Ginger Bangalore, Whitefield",bangalore,Karnataka,Hotel,3.0,3.7,1198.0,1884.0,,,,,,,,,,,,,,,,,,makemytrip
Hotel Royal Orchid Bangalore,bangalore,Karnataka,Hotel,5.0,3.9,2185.0,7268.0,,,,,,,,,,,,,,,,,,makemytrip
"The Hosteller Bangalore, Koramangala",bangalore,Karnataka,Hotel,,4.3,13.0,1295.0,,,,,,,,,,,,,,,,,,makemytrip
Silicon City Hotel,bangalore,Karnataka,Hotel,4.0,3.4,695.0,1586.0,,,,,,,,,,,,,,,,,,makemytrip
Country Inn And Suites By Radisson Bengaluru Hebbal,bangalore,Karnataka,Hotel,4.0,3.8,1928.0,3500.0,,,,,,,,,,,,,,,,,,makemytrip
Octave Himalaya Monarch,bangalore,Karnataka,Hotel,3.0,4.0,2624.0,1645.0,,,,,,,,,,,,,,,,,,makemytrip
Greenpark Bengaluru,bangalore,Karnataka,Hotel,4.0,4.7,62.0,6345.0,,,,,,,,,,,,,,,,,,makemytrip
ITC Gardenia - A Luxury Collection Hotel,bangalore,Karnataka,Hotel,5.0,4.5,1389.0,11700.0,2.1,MG Road,,,,,,,,,,,,,,,,makemytrip
The Continentti Whitefield,bangalore,Karnataka,Hotel,3.0,4.0,1189.0,2791.0,,,,,,,,,,,,,,,,,,makemytrip
The Monarch Luxur,bangalore,Karnataka,Hotel,4.0,3.9,775.0,3723.0,1.6,MG Road,,,,,,,,,,,,,,,,makemytrip
Ballal Residency,bangalore,Karnataka,Hotel,3.0,3.9,875.0,3084.0,2.3,MG Road,,,,,,,,,,,,,,,,makemytrip
Hibernest Indiranagar,bangalore,Karnataka,Hotel,,4.2,142.0,1005.0,,,,,,,,,,,,,,,,,,makemytrip
Fortune Park JP Celestial-Member ITC Hotel Group,bangalore,Karnataka,Hotel,4.0,3.8,1876.0,5292.0,,,,,,,,,,,,,,,,,,makemytrip
"Click Hotel Bangalore, International Airport",bangalore,Karnataka,Hotel,3.0,4.2,438.0,3510.0,8.0,Kempegowda Airport ,,,,,,,,,,,,,,,,makemytrip
Omatra Hotel HSR,bangalore,Karnataka,Hotel,,3.4,91.0,2194.0,,,,,,,,,,,,,,,,,,makemytrip
Svenska Design Hotel,bangalore,Karnataka,Hotel,,3.3,627.0,1999.0,,,,,,,,,,,,,,,,,,makemytrip
Peninsula Suites,bangalore,Karnataka,Hotel,4.0,3.9,1341.0,2264.0,,,,,,,,,,,,,,,,,,makemytrip
Iris Hotel & Spa Bangalore,bangalore,Karnataka,Hotel,4.0,4.1,1016.0,5330.0,2.1,MG Road,,,,,,,,,,,,,,,,makemytrip
SM Royal Stay Hotel near Intl Airport Bangalore,bangalore,Karnataka,Hotel,3.0,4.2,47.0,1692.0,5.0,Kempegowda Airport ,,,,,,,,,,,,,,,,makemytrip
"Halcyon Residences
Like a 3",bangalore,Karnataka,Hotel,,3.8,613.0,2759.0,,,,,,,,,,,,,,,,,,makemytrip
Shangri-La Bengaluru,bangalore,Karnataka,Hotel,5.0,4.5,584.0,13500.0,1.9,Bangalore Palace,,,,,,,,,,,,,,,,makemytrip
The Leela Bhartiya City Bengaluru,bangalore,Karnataka,Hotel,5.0,4.6,213.0,11000.0,,,,,,,,,,,,,,,,,,makemytrip
"Holiday Inn Express & Suites, OMR Bengaluru",bangalore,Karnataka,Hotel,4.0,4.1,526.0,3999.0,,,,,,,,,,,,,,,,,,makemytrip
Fairfield By Marriott Bengaluru Rajajinagar,bangalore,Karnataka,Hotel,4.0,3.9,883.0,5400.0,,,,,,,,,,,,,,,,,,makemytrip
The Zuri Whitefield,bangalore,Karnataka,Hotel,5.0,4.3,662.0,6501.0,,,,,,,,,,,,,,,,,,makemytrip
MAYBAACH HOTELS,bangalore,Karnataka,Hotel,3.0,4.1,79.0,2820.0,,,,,,,,,,,,,,,,,,makemytrip
Regenta Place Bangalore by Royal Orchid Hotels Limited,bangalore,Karnataka,Hotel,4.0,3.5,923.0,2848.0,2.2,MG Road,,,,,,,,,,,,,,,,makemytrip
Icon Business Hotel by Bhagini,bangalore,Karnataka,Hotel,3.0,3.6,1024.0,2300.0,,,,,,,,,,,,,,,,,,makemytrip
Sterlings Mac Hotel & Suites,bangalore,Karnataka,Hotel,5.0,4.1,732.0,6768.0,,,,,,,,,,,,,,,,,,makemytrip
Nexstay Kites Inn,bangalore,Karnataka,Hotel,3.0,4.3,36.0,2799.0,,,,,,,,,,,,,,,,,,makemytrip
The Leela Palace Bengaluru,bangalore,Karnataka,Hotel,5.0,4.5,1048.0,16500.0,,,,,,,,,,,,,,,,,,makemytrip
Omatra Infantry Road | Rooms in a Homestay,bangalore,Karnataka,Hotel,,3.8,319.0,2098.0,1.4,MG Road,,,,,,,,,,,,,,,,makemytrip
Bloom Hotel HSR Layout Sector 3,bangalore,Karnataka,Hotel,3.0,3.9,24.0,5500.0,,,,,,,,,,,,,,,,,,makemytrip
NOOR EMPIRE INTERNATIONAL,bangalore,Karnataka,Hotel,3.0,3.7,1552.0,2776.0,,,,,,,,,,,,,,,,,,makemytrip
Attide Biz,bangalore,Karnataka,Hotel,3.0,3.5,468.0,2835.0,,,,,,,,,,,,,,,,,,makemytrip
Stayhome Classic,bangalore,Karnataka,Hotel,,4.3,285.0,2345.0,,,,,,,,,,,,,,,,,,makemytrip
DoubleTree Suites by Hilton,bangalore,Karnataka,Hotel,5.0,4.3,849.0,9500.0,,,,,,,,,,,,,,,,,,makemytrip
Bloomrooms @ Indiranagar,bangalore,Karnataka,Hotel,3.0,4.1,874.0,4300.0,,,,,,,,,,,,,,,,,,makemytrip
RG Royal Hotel,bangalore,Karnataka,Hotel,4.0,4.2,875.0,3666.0,,,,,,,,,,,,,,,,,,makemytrip
Four Seasons Hotel Bengaluru at Embassy One,bangalore,Karnataka,Hotel,5.0,4.8,302.0,14875.0,0.99,Palace Grounds,,,,,,,,,,,,,,,,makemytrip
Ramee Strand inn,bangalore,Karnataka,Hotel,3.0,3.0,348.0,1505.0,,,,,,,,,,,,,,,,,,makemytrip
Shravanthi Sarovar Portico JP Nagar,bangalore,Karnataka,Hotel,4.0,3.6,139.0,3977.0,,,,,,,,,,,,,,,,,,makemytrip
"Vivanta Bengaluru, Whitefield",bangalore,Karnataka,Hotel,5.0,4.3,959.0,7500.0,,,,,,,,,,,,,,,,,,makemytrip
"Melange Astris
Like a 3",bangalore,Karnataka,Hotel,,4.1,1006.0,4300.0,2.5,Cubbon Park,,,,,,,,,,,,,,,,makemytrip
Octave Church Inn,bangalore,Karnataka,Hotel,3.0,3.5,712.0,1669.0,0.094,MG Road,,,,,,,,,,,,,,,,makemytrip
Mastiff Infantry Bengaluru,bangalore,Karnataka,Hotel,3.0,4.0,221.0,1865.0,1.8,MG Road,,,,,,,,,,,,,,,,makemytrip
"Taj Club House, Chennai",chennai,Tamil Nadu,Hotel,5.0,4.3,2000.0,6390.0,,,,,,,,,,,,,,,,,,makemytrip
The Park Chennai,chennai,Tamil Nadu,Hotel,5.0,3.7,8366.0,7198.0,,,,,,,,,,,,,,,,,,makemytrip
"Taj Fisherman's Cove Resort & Spa, Chennai",chennai,Tamil Nadu,Hotel,5.0,4.3,1856.0,12555.0,36.3,city centre,,,,,,,,,,,,,,,,makemytrip
Hotel Savera,chennai,Tamil Nadu,Hotel,4.0,4.0,7458.0,4612.0,,,,,,,,,,,,,,,,,,makemytrip
Ibis Chennai OMR - An Accor Brand,chennai,Tamil Nadu,Hotel,4.0,4.1,2545.0,3345.0,,,,,,,,,,,,,,,,,,makemytrip
"Taj Coromandel, Chennai",chennai,Tamil Nadu,Hotel,5.0,4.5,784.0,11200.0,,,,,,,,,,,,,,,,,,makemytrip
Courtyard by Marriott Chennai,chennai,Tamil Nadu,Hotel,4.0,4.2,1208.0,7500.0,,,,,,,,,,,,,,,,,,makemytrip
Radisson Blu Hotel Chennai City Centre,chennai,Tamil Nadu,Hotel,5.0,4.3,3991.0,9443.0,,,,,,,,,,,,,,,,,,makemytrip
FIRST INN HOTELS,chennai,Tamil Nadu,Hotel,,3.8,214.0,2907.0,,,,,,,,,,,,,,,,,,makemytrip
Ibis Chennai City Centre - An Accor Brand,chennai,Tamil Nadu,Hotel,3.0,3.9,2213.0,5299.0,0.54,Thousand Lights Mosque,,,,,,,,,,,,,,,,makemytrip
Rohaan Inns - UPAR Ashok Nagar,chennai,Tamil Nadu,Hotel,,4.1,179.0,1771.0,9.4,Chennai Airport,,,,,,,,,,,,,,,,makemytrip
"Vivanta Chennai, IT Expressway",chennai,Tamil Nadu,Hotel,5.0,4.4,1601.0,7360.0,,,,,,,,,,,,,,,,,,makemytrip
"Taj Connemara, Chennai",chennai,Tamil Nadu,Hotel,5.0,4.5,1215.0,7600.0,,,,,,,,,,,,,,,,,,makemytrip
Four Points by Sheraton Chennai OMR,chennai,Tamil Nadu,Hotel,4.0,4.1,2314.0,5859.0,,,,,,,,,,,,,,,,,,makemytrip
Ramada Plaza by Wyndham,chennai,Tamil Nadu,Hotel,5.0,4.5,3185.0,7533.0,7.6,Chennai Airport,,,,,,,,,,,,,,,,makemytrip
Citadines OMRChennai,chennai,Tamil Nadu,Hotel,5.0,4.4,1714.0,11340.0,,,,,,,,,,,,,,,,,,makemytrip
The Leela Palace Chennai,chennai,Tamil Nadu,Hotel,5.0,4.5,1261.0,10800.0,,,,,,,,,,,,,,,,,,makemytrip
"The Raintree, Annasalai",chennai,Tamil Nadu,Hotel,5.0,4.4,2376.0,7299.0,,,,,,,,,,,,,,,,,,makemytrip
Hablis,chennai,Tamil Nadu,Hotel,4.0,4.2,4529.0,5271.0,5.9,Chennai Airport,,,,,,,,,,,,,,,,makemytrip
Novotel Chennai Chamiers Road,chennai,Tamil Nadu,Hotel,5.0,4.3,1002.0,7391.0,,,,,,,,,,,,,,,,,,makemytrip
The Residency,chennai,Tamil Nadu,Hotel,4.0,4.2,1714.0,5336.0,,,,,,,,,,,,,,,,,,makemytrip
The Residency Towers,chennai,Tamil Nadu,Hotel,5.0,4.3,1151.0,6696.0,,,,,,,,,,,,,,,,,,makemytrip
Novotel Chennai OMR - An Accor Brand,chennai,Tamil Nadu,Hotel,5.0,4.3,1001.0,6134.0,,,,,,,,,,,,,,,,,,makemytrip
Hotel Southern Comfort ( Chennai Airport ),chennai,Tamil Nadu,Hotel,3.0,3.6,2962.0,2870.0,1.3,Chennai Airport,,,,,,,,,,,,,,,,makemytrip
Lemon Tree Hotel Chennai,chennai,Tamil Nadu,Hotel,4.0,3.6,3059.0,2487.0,7.8,Chennai Airport,,,,,,,,,,,,,,,,makemytrip
The Pride Hotel Chennai,chennai,Tamil Nadu,Hotel,4.0,3.6,1911.0,3399.0,,,,,,,,,,,,,,,,,,makemytrip
"Ginger Chennai, Vadapalani",chennai,Tamil Nadu,Hotel,3.0,3.5,2282.0,2699.0,,,,,,,,,,,,,,,,,,makemytrip
UPAR Nungambakkam,chennai,Tamil Nadu,Hotel,,4.1,281.0,2716.0,,,,,,,,,,,,,,,,,,makemytrip
Ginger Chennai,chennai,Tamil Nadu,Hotel,3.0,3.5,2071.0,3299.0,,,,,,,,,,,,,,,,,,makemytrip
Holiday Inn Express Chennai OMR Thoraipakkam,chennai,Tamil Nadu,Hotel,4.0,3.5,2087.0,3680.0,,,,,,,,,,,,,,,,,,makemytrip
Raj Park Chennai,chennai,Tamil Nadu,Hotel,4.0,3.6,1158.0,3953.0,,,,,,,,,,,,,,,,,,makemytrip
"UPAR Uthandi, ECR
Like a 3",chennai,Tamil Nadu,Hotel,,3.6,94.0,1317.0,,,,,,,,,,,,,,,,,,makemytrip
Hotel Abu Palace,chennai,Tamil Nadu,Hotel,4.0,3.4,1592.0,2947.0,0.92,Chennai Egmore Railway Station,,,,,,,,,,,,,,,,makemytrip
Ramada Chennai Egmore,chennai,Tamil Nadu,Hotel,4.0,3.9,4600.0,4557.0,,,,,,,,,,,,,,,,,,makemytrip
Hyatt Regency Chennai,chennai,Tamil Nadu,Hotel,5.0,4.1,1152.0,7499.0,,,,,,,,,,,,,,,,,,makemytrip
"Lemon Tree Hotel, Shimona, Chennai",chennai,Tamil Nadu,Hotel,4.0,4.0,1288.0,2819.0,9.0,Chennai Airport,,,,,,,,,,,,,,,,makemytrip
Trident Chennai,chennai,Tamil Nadu,Hotel,5.0,4.5,1140.0,12750.0,3.0,Chennai Airport,,,,,,,,,,,,,,,,makemytrip
Holiday Inn Chennai OMR IT Expressway,chennai,Tamil Nadu,Hotel,5.0,4.2,1676.0,7499.0,,,,,,,,,,,,,,,,,,makemytrip
Ibis Chennai SIPCOT - An Accor Brand,chennai,Tamil Nadu,Hotel,3.0,4.0,1479.0,3299.0,31.2,city centre,,,,,,,,,,,,,,,,makemytrip
The Accord Metropolitan,chennai,Tamil Nadu,Hotel,5.0,4.1,2220.0,6500.0,,,,,,,,,,,,,,,,,,makemytrip
Park Hyatt Chennai,chennai,Tamil Nadu,Hotel,5.0,4.5,525.0,9000.0,7.8,Chennai Airport,,,,,,,,,,,,,,,,makemytrip
OYO Home Fantasea Uthandi Near Juhu Beach,chennai,Tamil Nadu,Hotel,,1.9,7.0,769.0,,,,,,,,,,,,,,,,,,makemytrip
Gokulam Park Sabari - Siruseri SIPCOT,chennai,Tamil Nadu,Hotel,4.0,4.2,1271.0,5719.0,,,,,,,,,,,,,,,,,,makemytrip
BOULEVARD BY DESIGN HOTEL,chennai,Tamil Nadu,Hotel,4.0,4.1,821.0,4860.0,8.7,Chennai Airport,,,,,,,,,,,,,,,,makemytrip
Fairfield by Marriott Chennai OMR,chennai,Tamil Nadu,Hotel,4.0,4.2,983.0,4850.0,,,,,,,,,,,,,,,,,,makemytrip
ITC Grand Chola - A Luxury Collection Hotel,chennai,Tamil Nadu,Hotel,5.0,4.4,2603.0,12500.0,7.8,Chennai Airport,,,,,,,,,,,,,,,,makemytrip
The Ambassador Pallava,chennai,Tamil Nadu,Hotel,4.0,4.0,1926.0,8079.0,,,,,,,,,,,,,,,,,,makemytrip
Le Royal Meridien,chennai,Tamil Nadu,Hotel,5.0,3.9,1968.0,9000.0,5.6,Chennai Airport,,,,,,,,,,,,,,,,makemytrip
"Taj Wellington Mews, Chennai",chennai,Tamil Nadu,Hotel,5.0,4.7,327.0,10560.0,,,,,,,,,,,,,,,,,,makemytrip
Novotel Chennai Sipcot - An Accor Brand,chennai,Tamil Nadu,Hotel,5.0,4.3,855.0,8138.0,31.6,city centre,,,,,,,,,,,,,,,,makemytrip
The Mount Manor,chennai,Tamil Nadu,Hotel,3.0,3.4,874.0,2350.0,3.8,Chennai Airport,,,,,,,,,,,,,,,,makemytrip
Green Park Chennai,chennai,Tamil Nadu,Hotel,5.0,4.2,1503.0,6696.0,,,,,,,,,,,,,,,,,,makemytrip
Mango Hill central Chennai,chennai,Tamil Nadu,Hotel,3.0,3.2,196.0,3314.0,,,,,,,,,,,,,,,,,,makemytrip
Venture Park,chennai,Tamil Nadu,Hotel,3.0,3.5,1192.0,1315.0,,,,,,,,,,,,,,,,,,makemytrip
Grand Chennai by GRT Hotels,chennai,Tamil Nadu,Hotel,5.0,4.5,1535.0,8550.0,,,,,,,,,,,,,,,,,,makemytrip
"Season 4 Residences, Nungambakkam",chennai,Tamil Nadu,Hotel,,3.7,101.0,2591.0,,,,,,,,,,,,,,,,,,makemytrip
Ginger Chennai OMR,chennai,Tamil Nadu,Hotel,3.0,4.5,161.0,2479.0,,,,,,,,,,,,,,,,,,makemytrip
Hotel Pandian,chennai,Tamil Nadu,Hotel,2.0,3.5,2322.0,1595.0,,,,,,,,,,,,,,,,,,makemytrip
Hilton Chennai,chennai,Tamil Nadu,Hotel,5.0,4.3,811.0,11000.0,8.2,Chennai Airport,,,,,,,,,,,,,,,,makemytrip
FORTEL,chennai,Tamil Nadu,Hotel,,3.5,502.0,3118.0,,,,,,,,,,,,,,,,,,makemytrip
Royal Park,chennai,Tamil Nadu,Hotel,,3.1,10.0,1351.0,,,,,,,,,,,,,,,,,,makemytrip
Fairfield by Marriott Chennai Mahindra World City,chennai,Tamil Nadu,Hotel,4.0,4.2,442.0,5533.0,45.7,city centre,,,,,,,,,,,,,,,,makemytrip
Crossway Parklane Airport Hotel,chennai,Tamil Nadu,Hotel,3.0,3.2,517.0,2544.0,2.9,Chennai Airport,,,,,,,,,,,,,,,,makemytrip
Hotel Ashok Residency,chennai,Tamil Nadu,Hotel,3.0,3.7,559.0,4290.0,,,,,,,,,,,,,,,,,,makemytrip
Hotel Greens Gate (Near Central station),chennai,Tamil Nadu,Hotel,,3.6,1869.0,1887.0,,,,,,,,,,,,,,,,,,makemytrip
HOTEL RANJITH,chennai,Tamil Nadu,Hotel,3.0,4.0,159.0,5208.0,,,,,,,,,,,,,,,,,,makemytrip
"Welcomhotel by ITC Hotels, GST Road, Chennai",chennai,Tamil Nadu,Hotel,5.0,4.2,510.0,7200.0,43.6,city centre,,,,,,,,,,,,,,,,makemytrip
Regenta Central RS Chennai SIPCOT OMR,chennai,Tamil Nadu,Hotel,4.0,4.4,740.0,3824.0,31.6,city centre,,,,,,,,,,,,,,,,makemytrip
CRESCENT PARK (near US Consulate Chennai),chennai,Tamil Nadu,Hotel,3.0,4.1,284.0,2307.0,,,,,,,,,,,,,,,,,,makemytrip
Harrisons,chennai,Tamil Nadu,Hotel,3.0,4.0,604.0,3906.0,,,,,,,,,,,,,,,,,,makemytrip
MGM Beach Resorts (15Kms before Mahabalipuram),chennai,Tamil Nadu,Hotel,4.0,3.9,2900.0,25110.0,31.8,city centre,,,,,,,,,,,,,,,,makemytrip
PARK PLAZA CHENNAI OMR,chennai,Tamil Nadu,Hotel,5.0,4.0,198.0,4200.0,,,,,,,,,,,,,,,,,,makemytrip
Feathers A Radha Hotel Chennai,chennai,Tamil Nadu,Hotel,5.0,4.3,447.0,8999.0,9.7,Chennai Airport,,,,,,,,,,,,,,,,makemytrip
V7 HOTEL,chennai,Tamil Nadu,Hotel,3.0,3.2,1120.0,3667.0,,,,,,,,,,,,,,,,,,makemytrip
"Keys Select by Lemon Tree Hotels, Katti-Ma, Chennai",chennai,Tamil Nadu,Hotel,3.0,3.7,400.0,2240.0,,,,,,,,,,,,,,,,,,makemytrip
Hostel Gandhi,chennai,Tamil Nadu,Hotel,,4.2,109.0,1307.0,8.0,Chennai Airport,,,,,,,,,,,,,,,,makemytrip
Grand Cascade,chennai,Tamil Nadu,Hotel,3.0,3.6,1402.0,2052.0,0.73,Chennai Central Railway Station,,,,,,,,,,,,,,,,makemytrip
Days Hotel Chennai OMR,chennai,Tamil Nadu,Hotel,4.0,4.3,392.0,2767.0,35.3,city centre,,,,,,,,,,,,,,,,makemytrip
PP Residency,chennai,Tamil Nadu,Hotel,,4.0,421.0,2768.0,35.0,city centre,,,,,,,,,,,,,,,,makemytrip
Highnest | Rooms & Caretaker,chennai,Tamil Nadu,Hotel,,3.5,52.0,2815.0,40.6,city centre,,,,,,,,,,,,,,,,makemytrip
Grand Elegant,chennai,Tamil Nadu,Hotel,,3.9,1064.0,2046.0,,,,,,,,,,,,,,,,,,makemytrip
Accord Chrome,chennai,Tamil Nadu,Hotel,,4.5,217.0,6975.0,5.4,Chennai Airport,,,,,,,,,,,,,,,,makemytrip
AVENUE HOTEL -CHENNAI AIRPORT,chennai,Tamil Nadu,Hotel,,3.6,1338.0,2671.0,3.1,Chennai Airport,,,,,,,,,,,,,,,,makemytrip
La Woods hotel (1Km from us consulate chennai),chennai,Tamil Nadu,Hotel,,4.0,323.0,3360.0,,,,,,,,,,,,,,,,,,makemytrip
E Hotel,chennai,Tamil Nadu,Hotel,4.0,4.1,590.0,6749.0,,,,,,,,,,,,,,,,,,makemytrip
Hotel Bakya Slot - Maraimalai Nagar,chennai,Tamil Nadu,Hotel,3.0,3.6,210.0,2046.0,37.4,city centre,,,,,,,,,,,,,,,,makemytrip
Pharos Hotels,chennai,Tamil Nadu,Hotel,3.0,4.3,73.0,4650.0,,,,,,,,,,,,,,,,,,makemytrip
Al Noor Palace,chennai,Tamil Nadu,Hotel,,4.0,290.0,2093.0,1.8,Marina Beach,,,,,,,,,,,,,,,,makemytrip
JS Five two By twinstar hotel,chennai,Tamil Nadu,Hotel,,4.0,68.0,3794.0,,,,,,,,,,,,,,,,,,makemytrip
HOTEL HALEZ,chennai,Tamil Nadu,Hotel,,4.3,490.0,3800.0,,,,,,,,,,,,,,,,,,makemytrip
Essentia Premier Hotel,chennai,Tamil Nadu,Hotel,4.0,4.1,63.0,3989.0,,,,,,,,,,,,,,,,,,makemytrip
ILARA Hotel & Spa,chennai,Tamil Nadu,Hotel,3.0,4.0,785.0,2650.0,,,,,,,,,,,,,,,,,,makemytrip
The Centrepoint OMR,chennai,Tamil Nadu,Hotel,3.0,3.8,886.0,3322.0,,,,,,,,,,,,,,,,,,makemytrip
"KLASE HOTELS, GUINDY",chennai,Tamil Nadu,Hotel,3.0,3.3,260.0,2914.0,8.4,Chennai Airport,,,,,,,,,,,,,,,,makemytrip
Just Guest House,chennai,Tamil Nadu,Hotel,,4.0,745.0,3149.0,4.0,Chennai Airport,,,,,,,,,,,,,,,,makemytrip
GRAND OLIVER,chennai,Tamil Nadu,Hotel,,3.6,490.0,1243.0,,,,,,,,,,,,,,,,,,makemytrip
"Pebbles Serviced Apartments
Like a 3",chennai,Tamil Nadu,Hotel,,4.2,179.0,2349.0,,,,,,,,,,,,,,,,,,makemytrip
Mercure Chennai Sriperumbudur - An Accor Brand,chennai,Tamil Nadu,Hotel,5.0,4.2,70.0,5900.0,43.0,city centre,,,,,,,,,,,,,,,,makemytrip
ZAITH RESIDENCY,chennai,Tamil Nadu,Hotel,,3.4,243.0,2355.0,,,,,,,,,,,,,,,,,,makemytrip
Mount Kailash Suites,chennai,Tamil Nadu,Hotel,3.0,4.0,422.0,2516.0,9.2,Chennai Airport,,,,,,,,,,,,,,,,makemytrip
The Mount City near US Consulate,chennai,Tamil Nadu,Hotel,,3.6,395.0,1748.0,2.9,Marina Beach,,,,,,,,,,,,,,,,makemytrip
"Country Inn and Suites by Radisson, Sahibabad",delhi,Delhi,Hotel,5.0,4.2,15697.0,6249.0,30.0,Delhi city centre,,,,,,,,,,,,,,,,makemytrip
Radisson Blu Kaushambi Delhi NCR,delhi,Delhi,Hotel,5.0,4.0,1826.0,5039.0,28.0,Delhi city centre,,,,,,,,,,,,,,,,makemytrip
The Ashok,delhi,Delhi,Hotel,5.0,3.8,5694.0,6288.0,9.8,T1 - Delhi Airport (IGI Airport),,,,,,,,,,,,,,,,makemytrip
Pride Plaza Hotel Aerocity New Delhi,delhi,Delhi,Hotel,5.0,4.0,7275.0,6499.0,4.0,Indira Gandhi International Airport,,,,,,,,,,,,,,,,makemytrip
"Golden Tulip Vasundhara Hotel & Suites, Delhi NCR",delhi,Delhi,Hotel,4.0,3.9,2057.0,3386.0,31.0,Delhi city centre,,,,,,,,,,,,,,,,makemytrip
"Welcomhotel by ITC Hotels, Dwarka, New Delhi",delhi,Delhi,Hotel,5.0,4.0,9348.0,6223.0,,,,,,,,,,,,,,,,,,makemytrip
Holiday Inn New Delhi International Airport,delhi,Delhi,Hotel,5.0,4.2,5734.0,6999.0,3.8,Indira Gandhi International Airport,,,,,,,,,,,,,,,,makemytrip
Novotel New Delhi International Airport- An Accor hotels brand,delhi,Delhi,Hotel,5.0,4.1,4534.0,7250.0,4.2,Indira Gandhi International Airport,,,,,,,,,,,,,,,,makemytrip
The Suryaa New Delhi,delhi,Delhi,Hotel,5.0,4.1,4314.0,5348.0,,,,,,,,,,,,,,,,,,makemytrip
The Hosteller Delhi | Private Rooms & Dorms,delhi,Delhi,Hotel,,4.3,795.0,2228.0,,,,,,,,,,,,,,,,,,makemytrip
The LaLiT New Delhi,delhi,Delhi,Hotel,5.0,4.1,7908.0,9040.0,,,,,,,,,,,,,,,,,,makemytrip
Radisson Blu Plaza Delhi Airport,delhi,Delhi,Hotel,5.0,4.3,7275.0,4500.0,5.2,Indira Gandhi International Airport,,,,,,,,,,,,,,,,makemytrip
Roseate House New Delhi,delhi,Delhi,Hotel,5.0,4.4,9130.0,9649.0,3.5,Indira Gandhi International Airport,,,,,,,,,,,,,,,,makemytrip
Lemon Tree Hotel East Delhi Mall Kaushambi,delhi,Delhi,Hotel,4.0,3.9,1550.0,2073.0,24.0,Delhi city centre,,,,,,,,,,,,,,,,makemytrip
YWCA OF DELHI BLUE TRIANGLE FAMILY HOSTEL,delhi,Delhi,Hotel,,3.9,505.0,2620.0,0.69,Metro Museum,,,,,,,,,,,,,,,,makemytrip
Hotel Trans International,delhi,Delhi,Hotel,4.0,4.2,6933.0,2274.0,4.3,Indira Gandhi International Airport,,,,,,,,,,,,,,,,makemytrip
The Leela Ambience Convention Hotel Delhi,delhi,Delhi,Hotel,5.0,4.4,3845.0,7499.0,,,,,,,,,,,,,,,,,,makemytrip
Jaypee Vasant Continental Hotel,delhi,Delhi,Hotel,5.0,4.0,1696.0,5999.0,7.6,T1 - Delhi Airport (IGI Airport),,,,,,,,,,,,,,,,makemytrip
YWCA INTERNATIONAL GUEST HOUSE,delhi,Delhi,Hotel,,3.8,412.0,2408.0,3.0,India Gate,,,,,,,,,,,,,,,,makemytrip
Holiday Inn New Delhi Mayur Vihar,delhi,Delhi,Hotel,5.0,4.1,2935.0,6249.0,,,,,,,,,,,,,,,,,,makemytrip
Lemon Tree Premier Delhi Airport,delhi,Delhi,Hotel,4.0,3.9,9726.0,4464.0,4.1,Indira Gandhi International Airport,,,,,,,,,,,,,,,,makemytrip
Radisson Blu Marina Hotel Connaught Place,delhi,Delhi,Hotel,5.0,3.8,2642.0,8000.0,,,,,,,,,,,,,,,,,,makemytrip
The Metropolitan Hotel and Spa,delhi,Delhi,Hotel,5.0,4.1,4049.0,7500.0,,,,,,,,,,,,,,,,,,makemytrip
The Grand New Delhi,delhi,Delhi,Hotel,5.0,3.8,1885.0,12899.0,7.7,Indira Gandhi International Airport,,,,,,,,,,,,,,,,makemytrip
Crowne Plaza Mayur Vihar,delhi,Delhi,Hotel,5.0,4.3,3398.0,8649.0,,,,,,,,,,,,,,,,,,makemytrip
Hotel Smart Plaza,delhi,Delhi,Hotel,3.0,4.3,4031.0,1525.0,4.4,Indira Gandhi International Airport,,,,,,,,,,,,,,,,makemytrip
Hotel Aero Star,delhi,Delhi,Hotel,4.0,4.3,9760.0,2472.0,4.3,Indira Gandhi International Airport,,,,,,,,,,,,,,,,makemytrip
Golden Bliss Near IGI Airport Mahipalpur,delhi,Delhi,Hotel,,3.0,108.0,2794.0,4.1,Indira Gandhi International Airport,,,,,,,,,,,,,,,,makemytrip
Hotel International Inn,delhi,Delhi,Hotel,3.0,4.1,12005.0,2199.0,4.3,Indira Gandhi International Airport,,,,,,,,,,,,,,,,makemytrip
The Park New Delhi,delhi,Delhi,Hotel,5.0,3.5,6779.0,7905.0,0.73,Connaught Place,,,,,,,,,,,,,,,,makemytrip
ibis New Delhi Aerocity - An Accor Brand,delhi,Delhi,Hotel,4.0,3.7,5538.0,5100.0,4.4,Indira Gandhi International Airport,,,,,,,,,,,,,,,,makemytrip
goSTOPS Delhi - Rooms & Dorms,delhi,Delhi,Hotel,,4.2,1076.0,1481.0,1.8,Red Fort,,,,,,,,,,,,,,,,makemytrip
Hotel The Royal Plaza,delhi,Delhi,Hotel,4.0,3.4,10365.0,7379.0,2.3,India Gate,,,,,,,,,,,,,,,,makemytrip
"Taj Mahal, New Delhi",delhi,Delhi,Hotel,5.0,4.5,991.0,12000.0,1.2,India Gate,,,,,,,,,,,,,,,,makemytrip
Hotel Shanti Palace (Mahipalpur),delhi,Delhi,Hotel,4.0,3.7,2308.0,2604.0,4.1,Indira Gandhi International Airport,,,,,,,,,,,,,,,,makemytrip
Aloft New Delhi Aerocity,delhi,Delhi,Hotel,5.0,4.2,2906.0,6950.0,4.1,Indira Gandhi International Airport,,,,,,,,,,,,,,,,makemytrip
Radisson Blu Hotel New Delhi Dwarka,delhi,Delhi,Hotel,5.0,3.7,7268.0,5953.0,,,,,,,,,,,,,,,,,,makemytrip
Hotel Star,delhi,Delhi,Hotel,4.0,4.3,1202.0,2472.0,4.3,Indira Gandhi International Airport,,,,,,,,,,,,,,,,makemytrip
Pullman New Delhi International Airport- An Accor Luxury Brand,delhi,Delhi,Hotel,5.0,4.3,2197.0,10500.0,4.2,Indira Gandhi International Airport,,,,,,,,,,,,,,,,makemytrip
Hotel Aman Continental @ Paharganj,delhi,Delhi,Hotel,3.0,4.3,5760.0,2045.0,0.39,New Delhi Railway Station,,,,,,,,,,,,,,,,makemytrip
"Taj Palace, New Delhi",delhi,Delhi,Hotel,5.0,4.5,7913.0,11500.0,7.0,T1 - Delhi Airport (IGI Airport),,,,,,,,,,,,,,,,makemytrip
Red Fox Hotel Delhi Airport,delhi,Delhi,Hotel,3.0,3.9,7509.0,2903.0,4.2,Indira Gandhi International Airport,,,,,,,,,,,,,,,,makemytrip
"Vivanta New Delhi, Dwarka",delhi,Delhi,Hotel,5.0,4.3,7707.0,7100.0,,,,,,,,,,,,,,,,,,makemytrip
The Gold Regency @ Paharganj,delhi,Delhi,Hotel,3.0,4.3,2949.0,2044.0,0.31,New Delhi Railway Station,,,,,,,,,,,,,,,,makemytrip
"Red Brick | Home by Earthaa Escapes
Like a 3",delhi,Delhi,Hotel,,4.2,132.0,2548.0,,,,,,,,,,,,,,,,,,makemytrip
JW Marriott Hotel New Delhi Aerocity,delhi,Delhi,Hotel,5.0,4.5,1308.0,12800.0,4.1,Indira Gandhi International Airport,,,,,,,,,,,,,,,,makemytrip
Crowne Plaza Rohini,delhi,Delhi,Hotel,5.0,4.3,2702.0,6498.0,,,,,,,,,,,,,,,,,,makemytrip
"Park Plaza, Shahdara",delhi,Delhi,Hotel,5.0,3.7,3422.0,3825.0,,,,,,,,,,,,,,,,,,makemytrip
Andaz Delhi - A concept by Hyatt,delhi,Delhi,Hotel,5.0,4.3,1272.0,11000.0,3.9,Indira Gandhi International Airport,,,,,,,,,,,,,,,,makemytrip
Homestay AC Dormitory at Kashmiri Gate,delhi,Delhi,Hotel,,3.9,256.0,735.0,,,,,,,,,,,,,,,,,,makemytrip
Zone Connect Saket Delhi,delhi,Delhi,Hotel,5.0,3.9,390.0,5900.0,,,,,,,,,,,,,,,,,,makemytrip
Crowne Plaza Okhla,delhi,Delhi,Hotel,5.0,4.3,2802.0,6300.0,,,,,,,,,,,,,,,,,,makemytrip
Taurus Sarovar Portico,delhi,Delhi,Hotel,4.0,3.1,845.0,2976.0,4.0,Indira Gandhi International Airport,,,,,,,,,,,,,,,,makemytrip
The Leela Palace New Delhi,delhi,Delhi,Hotel,5.0,4.5,449.0,17000.0,8.5,T1 - Delhi Airport (IGI Airport),,,,,,,,,,,,,,,,makemytrip
Shangri-La Eros New Delhi,delhi,Delhi,Hotel,5.0,4.4,1832.0,12500.0,2.3,India Gate,,,,,,,,,,,,,,,,makemytrip
Sheraton New Delhi,delhi,Delhi,Hotel,5.0,4.5,1706.0,9500.0,,,,,,,,,,,,,,,,,,makemytrip
"Hyatt Centric Janakpuri, New Delhi",delhi,Delhi,Hotel,5.0,3.6,850.0,5599.0,,,,,,,,,,,,,,,,,,makemytrip
ITC Maurya - A Luxury Collection Hotel,delhi,Delhi,Hotel,5.0,4.3,2009.0,11000.0,7.4,T1 - Delhi Airport (IGI Airport),,,,,,,,,,,,,,,,makemytrip
Le Meridien Delhi,delhi,Delhi,Hotel,5.0,4.2,1622.0,12150.0,2.1,India Gate,,,,,,,,,,,,,,,,makemytrip
"Eros Hotel New Delhi ,Nehru Place",delhi,Delhi,Hotel,5.0,4.0,2733.0,4999.0,,,,,,,,,,,,,,,,,,makemytrip
Jaypee Siddharth Hotel,delhi,Delhi,Hotel,5.0,3.7,2052.0,6299.0,0.59,BLK Hospital,,,,,,,,,,,,,,,,makemytrip
Hotel Vertu,delhi,Delhi,Hotel,4.0,4.0,3227.0,2525.0,4.2,Indira Gandhi International Airport,,,,,,,,,,,,,,,,makemytrip
"Le ROI, Delhi@ New Delhi Railway Station",delhi,Delhi,Hotel,3.0,4.0,4625.0,2474.0,,,,,,,,,,,,,,,,,,makemytrip
Ashiana Hotel @ New Delhi Railway Station,delhi,Delhi,Hotel,,3.7,176.0,883.0,0.88,New Delhi Railway Station,,,,,,,,,,,,,,,,makemytrip
The Roseate,delhi,Delhi,Hotel,5.0,4.3,2371.0,12024.0,8.0,Indira Gandhi International Airport,,,,,,,,,,,,,,,,makemytrip
"The Connaught, New Delhi - IHCL SeleQtions",delhi,Delhi,Hotel,4.0,4.5,2016.0,7499.0,0.98,Connaught Place,,,,,,,,,,,,,,,,makemytrip
Hyatt Regency New Delhi,delhi,Delhi,Hotel,5.0,4.2,1655.0,8100.0,8.3,T1 - Delhi Airport (IGI Airport),,,,,,,,,,,,,,,,makemytrip
Hotel Samrat,delhi,Delhi,Hotel,4.0,3.2,2214.0,4278.0,9.8,T1 - Delhi Airport (IGI Airport),,,,,,,,,,,,,,,,makemytrip
"New Delhi YMCA Tourist Hostel | Rooms & Wi-Fi
Like a 3",delhi,Delhi,Hotel,,3.5,1401.0,3148.0,0.9,Connaught Place,,,,,,,,,,,,,,,,makemytrip
Golden Keys Inn,delhi,Delhi,Hotel,3.0,3.7,752.0,2009.0,,,,,,,,,,,,,,,,,,makemytrip
Ginger East Delhi,delhi,Delhi,Hotel,3.0,3.5,3276.0,1839.0,,,,,,,,,,,,,,,,,,makemytrip
The Hans,delhi,Delhi,Hotel,4.0,3.6,1397.0,4860.0,0.6,Agrasen Ki Baoli,,,,,,,,,,,,,,,,makemytrip
"Shubham Vilas
Like a 3",delhi,Delhi,Hotel,,4.2,323.0,1876.0,,,,,,,,,,,,,,,,,,makemytrip
Ramada By Wyndham New Delhi Pitampura,delhi,Delhi,Hotel,4.0,3.5,1620.0,4437.0,,,,,,,,,,,,,,,,,,makemytrip
Svelte Hotel & Personal Suites,delhi,Delhi,Hotel,5.0,3.6,967.0,8333.0,,,,,,,,,,,,,,,,,,makemytrip
The Grand Uddhav,delhi,Delhi,Hotel,3.0,4.2,1838.0,3081.0,0.74,New Delhi Railway Station,,,,,,,,,,,,,,,,makemytrip
Hotel Chanakya Inn,delhi,Delhi,Hotel,3.0,3.4,2603.0,1836.0,4.1,Indira Gandhi International Airport,,,,,,,,,,,,,,,,makemytrip
Hotel Viva Palace @ Delhi Airport,delhi,Delhi,Hotel,4.0,3.9,528.0,2271.0,4.2,Indira Gandhi International Airport,,,,,,,,,,,,,,,,makemytrip
Hotel Hari Piorko,delhi,Delhi,Hotel,3.0,3.8,5220.0,1104.0,0.63,New Delhi Railway Station,,,,,,,,,,,,,,,,makemytrip
Hotel Southern,delhi,Delhi,Hotel,3.0,3.4,2350.0,1951.0,,,,,,,,,,,,,,,,,,makemytrip
Hotel Delhi 37,delhi,Delhi,Hotel,3.0,4.3,8326.0,2472.0,4.3,Indira Gandhi International Airport,,,,,,,,,,,,,,,,makemytrip
Red Fox Hotel East Delhi,delhi,Delhi,Hotel,3.0,3.6,1069.0,1908.0,,,,,,,,,,,,,,,,,,makemytrip
HOME@B11,delhi,Delhi,Hotel,,2.3,3.0,2758.0,,,,,,,,,,,,,,,,,,makemytrip
The Umrao,delhi,Delhi,Hotel,5.0,3.9,2863.0,5000.0,6.5,Indira Gandhi International Airport,,,,,,,,,,,,,,,,makemytrip
IIDL Suites,delhi,Delhi,Hotel,4.0,4.1,1926.0,4900.0,,,,,,,,,,,,,,,,,,makemytrip
Four Points by Sheraton Delhi,delhi,Delhi,Hotel,4.0,4.0,1662.0,4559.0,6.4,Indira Gandhi International Airport,,,,,,,,,,,,,,,,makemytrip
"Deventure Sarovar Portico, Kapashera, New Delhi",delhi,Delhi,Hotel,4.0,3.9,2681.0,5022.0,8.1,Indira Gandhi International Airport,,,,,,,,,,,,,,,,makemytrip
"The Dream House BnB | Rooms & Caretaker
Like a 3",delhi,Delhi,Hotel,,4.1,41.0,2542.0,9.4,T1 - Delhi Airport (IGI Airport),,,,,,,,,,,,,,,,makemytrip
"Park Inn by Radisson, IP Extension- New Delhi",delhi,Delhi,Hotel,4.0,3.8,2618.0,4150.0,,,,,,,,,,,,,,,,,,makemytrip
The Claridges New Delhi,delhi,Delhi,Hotel,5.0,4.1,1055.0,10350.0,2.2,India Gate,,,,,,,,,,,,,,,,makemytrip
De Pavilion Hotel,delhi,Delhi,Hotel,4.0,3.6,2047.0,3164.0,4.6,Indira Gandhi International Airport,,,,,,,,,,,,,,,,makemytrip
Venizia Sarovar Portico,delhi,Delhi,Hotel,4.0,3.6,563.0,3766.0,,,,,,,,,,,,,,,,,,makemytrip
Centaur Hotel,delhi,Delhi,Hotel,3.0,2.5,676.0,3202.0,2.0,Indira Gandhi International Airport,,,,,,,,,,,,,,,,makemytrip
The Orion Plaza - Nehru Place,delhi,Delhi,Hotel,3.0,3.8,1180.0,2706.0,,,,,,,,,,,,,,,,,,makemytrip
Dee Marks Hotel & Resort Delhi Airport,delhi,Delhi,Hotel,4.0,3.4,1572.0,2534.0,8.8,Indira Gandhi International Airport,,,,,,,,,,,,,,,,makemytrip
HOTEL LE SEASONS,delhi,Delhi,Hotel,4.0,3.6,581.0,2653.0,3.8,Indira Gandhi International Airport,,,,,,,,,,,,,,,,makemytrip
Caspia Hotel New Delhi Shalimar Bagh,delhi,Delhi,Hotel,3.0,3.4,1725.0,2799.0,,,,,,,,,,,,,,,,,,makemytrip
"Park Inn by Radisson, Lajpat Nagar",delhi,Delhi,Hotel,4.0,4.1,1856.0,6999.0,,,,,,,,,,,,,,,,,,makemytrip
Jukaso Inn Down Town,delhi,Delhi,Hotel,3.0,3.6,1207.0,3134.0,0.7,Connaught Place,,,,,,,,,,,,,,,,makemytrip
Hotel LA New Delhi,delhi,Delhi,Hotel,4.0,3.6,1764.0,3438.0,,,,,,,,,,,,,,,,,,makemytrip
Kelvish Hotel Near Delhi Airport,delhi,Delhi,Hotel,3.0,3.9,1337.0,1869.0,5.4,Indira Gandhi International Airport,,,,,,,,,,,,,,,,makemytrip
Radisson Hyderabad Hitec City,hyderabad,Telangana,Hotel,5.0,3.7,7994.0,4500.0,,,,,,,,,,,,,,,,,,makemytrip
The Park Hyderabad,hyderabad,Telangana,Hotel,5.0,3.7,11318.0,5699.0,,,,,,,,,,,,,,,,,,makemytrip
ITC Kohenur - A Luxury Collection Hotel,hyderabad,Telangana,Hotel,5.0,4.3,2465.0,16150.0,,,,,,,,,,,,,,,,,,makemytrip
Fairfield by Marriott Hyderabad Gachibowli,hyderabad,Telangana,Hotel,4.0,3.9,5006.0,4004.0,,,,,,,,,,,,,,,,,,makemytrip
Radisson Blu Plaza Hotel,hyderabad,Telangana,Hotel,5.0,4.1,4632.0,7250.0,,,,,,,,,,,,,,,,,,makemytrip
Lemon Tree Hotel Gachibowli,hyderabad,Telangana,Hotel,4.0,4.0,5372.0,4183.0,,,,,,,,,,,,,,,,,,makemytrip
Red Fox Hotel Hyderabad,hyderabad,Telangana,Hotel,3.0,3.9,4338.0,2654.0,,,,,,,,,,,,,,,,,,makemytrip
"Lemon Tree Hotel, Banjara Hills, Hyderabad",hyderabad,Telangana,Hotel,4.0,4.1,2775.0,2571.0,,,,,,,,,,,,,,,,,,makemytrip
"Taj Krishna, Hyderabad",hyderabad,Telangana,Hotel,5.0,4.5,1580.0,8000.0,,,,,,,,,,,,,,,,,,makemytrip
Novotel Hyderabad Airport,hyderabad,Telangana,Hotel,5.0,3.9,1278.0,12999.0,3.6,Rajiv Gandhi International Airport,,,,,,,,,,,,,,,,makemytrip
Rester Select Kukatpally,hyderabad,Telangana,Hotel,3.0,4.0,263.0,2463.0,,,,,,,,,,,,,,,,,,makemytrip
The Golkonda Hotel,hyderabad,Telangana,Hotel,4.0,4.1,3981.0,5499.0,,,,,,,,,,,,,,,,,,makemytrip
Trident Hyderabad,hyderabad,Telangana,Hotel,5.0,4.7,1517.0,14250.0,,,,,,,,,,,,,,,,,,makemytrip
Ellaa Hotel Gachibowli,hyderabad,Telangana,Hotel,4.0,3.8,4341.0,3321.0,,,,,,,,,,,,,,,,,,makemytrip
Lemon Tree Premier HITEC City Hyderabad,hyderabad,Telangana,Hotel,5.0,4.0,5148.0,3151.0,,,,,,,,,,,,,,,,,,makemytrip
"Siri Inn Hospitality | Rooms in an Apartment
Like a 3",hyderabad,Telangana,Hotel,,3.6,681.0,1287.0,,,,,,,,,,,,,,,,,,makemytrip
ibis Hyderabad HITEC City - An Accor Brand,hyderabad,Telangana,Hotel,3.0,3.8,1016.0,4499.0,,,,,,,,,,,,,,,,,,makemytrip
Hyatt Place Hyderabad Banjara Hills,hyderabad,Telangana,Hotel,5.0,4.1,1695.0,7249.0,,,,,,,,,,,,,,,,,,makemytrip
"Vivanta Hyderabad, Begumpet",hyderabad,Telangana,Hotel,5.0,4.4,2743.0,6500.0,,,,,,,,,,,,,,,,,,makemytrip
Zen Comfort,hyderabad,Telangana,Hotel,,4.0,300.0,1438.0,,,,,,,,,,,,,,,,,,makemytrip
Hyderabad Marriott Hotel and Convention Centre,hyderabad,Telangana,Hotel,5.0,4.3,1240.0,6500.0,,,,,,,,,,,,,,,,,,makemytrip
HOTEL SIGNATURE AIRPORT ZONE SHAMSHABAD,hyderabad,Telangana,Hotel,3.0,4.1,2343.0,2217.0,8.5,Rajiv Gandhi International Airport,,,,,,,,,,,,,,,,makemytrip
Daspalla Hotel,hyderabad,Telangana,Hotel,4.0,4.1,1948.0,5413.0,,,,,,,,,,,,,,,,,,makemytrip
Hotel OAK by Signature,hyderabad,Telangana,Hotel,3.0,4.2,1722.0,1317.0,8.5,Rajiv Gandhi International Airport,,,,,,,,,,,,,,,,makemytrip
Aditya Park Hyderabad - A Sarovar Hotel,hyderabad,Telangana,Hotel,4.0,4.0,2503.0,6111.0,,,,,,,,,,,,,,,,,,makemytrip
"Park Hyatt Hotel and Residences, Hyderabad",hyderabad,Telangana,Hotel,5.0,4.2,874.0,10000.0,,,,,,,,,,,,,,,,,,makemytrip
Marigold By Green Park,hyderabad,Telangana,Hotel,5.0,4.3,2477.0,5714.0,,,,,,,,,,,,,,,,,,makemytrip
Hotel Hyderabad Grand,hyderabad,Telangana,Hotel,3.0,3.8,1599.0,3028.0,7.6,Rajiv Gandhi International Airport,,,,,,,,,,,,,,,,makemytrip
Green Park,hyderabad,Telangana,Hotel,4.0,4.2,1864.0,5122.0,,,,,,,,,,,,,,,,,,makemytrip
The Central Court,hyderabad,Telangana,Hotel,3.0,3.6,3819.0,2041.0,,,,,,,,,,,,,,,,,,makemytrip
Holiday Inn Express Hyderabad HITEC City,hyderabad,Telangana,Hotel,3.0,3.5,1894.0,4499.0,,,,,,,,,,,,,,,,,,makemytrip
Slackpackr Hostel,hyderabad,Telangana,Hotel,,4.1,87.0,849.0,,,,,,,,,,,,,,,,,,makemytrip
Holiday Inn Express Hyderabad Banjara Hills,hyderabad,Telangana,Hotel,3.0,3.5,2359.0,4140.0,,,,,,,,,,,,,,,,,,makemytrip
CITADEL Hotel By Vinnca,hyderabad,Telangana,Hotel,3.0,4.1,949.0,2932.0,,,,,,,,,,,,,,,,,,makemytrip
Aditya Hometel Hyderabad - A Sarovar Hotel,hyderabad,Telangana,Hotel,3.0,3.5,2234.0,1860.0,,,,,,,,,,,,,,,,,,makemytrip
Hotel Deccan Serai Grande,hyderabad,Telangana,Hotel,4.0,4.4,517.0,7014.0,,,,,,,,,,,,,,,,,,makemytrip
Katriya Hotel and Towers,hyderabad,Telangana,Hotel,3.0,2.8,3250.0,3761.0,,,,,,,,,,,,,,,,,,makemytrip
Hotel Saptagiri Hyderabad,hyderabad,Telangana,Hotel,3.0,3.8,2861.0,2724.0,0.76,Secunderabad Junction Railway Station ,,,,,,,,,,,,,,,,makemytrip
Hampshire Plaza Hotel,hyderabad,Telangana,Hotel,3.0,3.8,1680.0,3379.0,,,,,,,,,,,,,,,,,,makemytrip
"Taj Deccan, Hyderabad",hyderabad,Telangana,Hotel,5.0,4.4,2694.0,6990.0,,,,,,,,,,,,,,,,,,makemytrip
Avasa Hotel,hyderabad,Telangana,Hotel,5.0,4.2,2073.0,6696.0,,,,,,,,,,,,,,,,,,makemytrip
Hotel Akoya - HITECH City Hyderabad,hyderabad,Telangana,Hotel,3.0,4.1,520.0,2471.0,,,,,,,,,,,,,,,,,,makemytrip
MARIGOLD AT NEST,hyderabad,Telangana,Hotel,2.0,3.8,93.0,1346.0,,,,,,,,,,,,,,,,,,makemytrip
HOTEL RAINTR33,hyderabad,Telangana,Hotel,3.0,3.8,1012.0,2011.0,,,,,,,,,,,,,,,,,,makemytrip
Urban Nest Luxury Rooms,hyderabad,Telangana,Hotel,,3.9,206.0,1046.0,,,,,,,,,,,,,,,,,,makemytrip
Novotel Hyderabad Convention Centre,hyderabad,Telangana,Hotel,5.0,4.2,2033.0,10500.0,,,,,,,,,,,,,,,,,,makemytrip
Hotel B Plus L,hyderabad,Telangana,Hotel,4.0,4.0,866.0,3360.0,,,,,,,,,,,,,,,,,,makemytrip
La Hometel Hotel - HITECH City Hyderabad,hyderabad,Telangana,Hotel,3.0,3.9,236.0,1435.0,,,,,,,,,,,,,,,,,,makemytrip
Le Meridien Hyderabad,hyderabad,Telangana,Hotel,5.0,4.3,1059.0,10500.0,,,,,,,,,,,,,,,,,,makemytrip
"Restel Studio Flats
Like a 3",hyderabad,Telangana,Hotel,,4.2,262.0,1801.0,,,,,,,,,,,,,,,,,,makemytrip
The Conclave,hyderabad,Telangana,Hotel,3.0,3.2,958.0,1613.0,,,,,,,,,,,,,,,,,,makemytrip
The Landmark Banjara Hills,hyderabad,Telangana,Hotel,3.0,4.0,613.0,1696.0,,,,,,,,,,,,,,,,,,makemytrip
THE CENT,hyderabad,Telangana,Hotel,3.0,3.3,1544.0,1662.0,,,,,,,,,,,,,,,,,,makemytrip
Courtyard by Marriott Hyderabad,hyderabad,Telangana,Hotel,4.0,4.5,981.0,6000.0,,,,,,,,,,,,,,,,,,makemytrip
"The Wilderness Retreat | Rooms & Restaurant
Like a 4",hyderabad,Telangana,Hotel,,3.9,220.0,7346.0,,,,,,,,,,,,,,,,,,makemytrip
The Altruist Business Hotel (Hitech),hyderabad,Telangana,Hotel,4.0,3.7,1888.0,4278.0,,,,,,,,,,,,,,,,,,makemytrip
Istay Hotels Hitec,hyderabad,Telangana,Hotel,3.0,3.7,1236.0,2913.0,,,,,,,,,,,,,,,,,,makemytrip
Hyatt Hyderabad Gachibowli,hyderabad,Telangana,Hotel,5.0,4.1,864.0,8750.0,,,,,,,,,,,,,,,,,,makemytrip
The Art Boutique Hotel,hyderabad,Telangana,Hotel,3.0,3.8,1515.0,2197.0,,,,,,,,,,,,,,,,,,makemytrip
Hotel Imperial Classic,hyderabad,Telangana,Hotel,3.0,3.9,2183.0,1068.0,,,,,,,,,,,,,,,,,,makemytrip
Mercure Hyderabad KCP - An AccorHotels brand,hyderabad,Telangana,Hotel,4.0,4.2,773.0,5000.0,,,,,,,,,,,,,,,,,,makemytrip
Veeraj Suites,hyderabad,Telangana,Hotel,3.0,4.0,435.0,2170.0,,,,,,,,,,,,,,,,,,makemytrip
Bloom Hotel - Gachibowli,hyderabad,Telangana,Hotel,3.0,4.1,181.0,4500.0,,,,,,,,,,,,,,,,,,makemytrip
Oakwood Residence Kapil Hyderabad,hyderabad,Telangana,Hotel,,4.5,957.0,7500.0,,,,,,,,,,,,,,,,,,makemytrip
Aalankrita Resort & Convention,hyderabad,Telangana,Hotel,4.0,4.1,3109.0,4484.0,26.5,city centre,,,,,,,,,,,,,,,,makemytrip
Minerva Grand- Kondapur,hyderabad,Telangana,Hotel,3.0,3.9,1019.0,4371.0,,,,,,,,,,,,,,,,,,makemytrip
M SQUARE HOTEL,hyderabad,Telangana,Hotel,3.0,3.9,263.0,4395.0,,,,,,,,,,,,,,,,,,makemytrip
Sri Sri Suites,hyderabad,Telangana,Hotel,,3.4,152.0,1208.0,,,,,,,,,,,,,,,,,,makemytrip
The Manohar,hyderabad,Telangana,Hotel,3.0,2.7,258.0,3158.0,,,,,,,,,,,,,,,,,,makemytrip
The Lime Boutique Suites,hyderabad,Telangana,Hotel,3.0,4.1,1434.0,2976.0,,,,,,,,,,,,,,,,,,makemytrip
Taj Tristar,hyderabad,Telangana,Hotel,3.0,3.9,992.0,2271.0,7.7,city centre,,,,,,,,,,,,,,,,makemytrip
Minerva Grand - Banjara,hyderabad,Telangana,Hotel,3.0,4.0,1453.0,4464.0,,,,,,,,,,,,,,,,,,makemytrip
Sheraton Hyderabad,hyderabad,Telangana,Hotel,5.0,4.3,769.0,125000.0,,,,,,,,,,,,,,,,,,makemytrip
ITC Kakatiya - A Luxury Collection Hotel,hyderabad,Telangana,Hotel,5.0,4.2,1071.0,9690.0,,,,,,,,,,,,,,,,,,makemytrip
Bikanervala Boutique Hotel,hyderabad,Telangana,Hotel,3.0,4.1,1037.0,3488.0,,,,,,,,,,,,,,,,,,makemytrip
The Park Kolkata,kolkata,West Bengal,Hotel,5.0,3.9,7647.0,4207.0,0.21,Park Street,,,,,,,,,,,,,,,,makemytrip
"Zone By The Park, Kolkata",kolkata,West Bengal,Hotel,5.0,3.8,8656.0,3915.0,,,,,,,,,,,,,,,,,,makemytrip
JW Marriott Hotel Kolkata,kolkata,West Bengal,Hotel,5.0,4.4,1527.0,7800.0,,,,,,,,,,,,,,,,,,makemytrip
ibis Kolkata Rajarhat - An Accor Brand,kolkata,West Bengal,Hotel,4.0,3.9,2355.0,2220.0,,,,,,,,,,,,,,,,,,makemytrip
The Lalit Great Eastern Kolkata,kolkata,West Bengal,Hotel,5.0,4.2,2486.0,6365.0,0.97,Eden Gardens,,,,,,,,,,,,,,,,makemytrip
ITC Royal Bengal - A Luxury Collection Hotel,kolkata,West Bengal,Hotel,5.0,4.5,3849.0,8925.0,,,,,,,,,,,,,,,,,,makemytrip
"Lemon Tree Premier, New Town, Kolkata",kolkata,West Bengal,Hotel,5.0,4.2,3026.0,2156.0,,,,,,,,,,,,,,,,,,makemytrip
Novotel Kolkata Hotel and Residences,kolkata,West Bengal,Hotel,5.0,4.1,2827.0,5060.0,,,,,,,,,,,,,,,,,,makemytrip
All Fresco Hotel,kolkata,West Bengal,Hotel,3.0,3.7,688.0,1637.0,5.6,Netaji Subhash Chandra Bose International Airport,,,,,,,,,,,,,,,,makemytrip
Regenta Orko's Kolkata,kolkata,West Bengal,Hotel,4.0,3.9,2055.0,3321.0,0.68,Acropolis Mall,,,,,,,,,,,,,,,,makemytrip
"Holiday Inn Express, Kolkata Airport",kolkata,West Bengal,Hotel,3.0,4.1,1655.0,4099.0,1.7,Netaji Subhash Chandra Bose International Airport,,,,,,,,,,,,,,,,makemytrip
Himalayan Inn Guest House - Near TCS Gitobitan,kolkata,West Bengal,Hotel,,3.3,534.0,724.0,,,,,,,,,,,,,,,,,,makemytrip
Holiday Inn Kolkata Airport,kolkata,West Bengal,Hotel,5.0,4.1,2486.0,4600.0,4.7,Netaji Subhash Chandra Bose International Airport,,,,,,,,,,,,,,,,makemytrip
"Taj City Centre New Town, Kolkata",kolkata,West Bengal,Hotel,5.0,4.4,1556.0,5650.0,5.8,Netaji Subhash Chandra Bose International Airport,,,,,,,,,,,,,,,,makemytrip
"Vivanta Kolkata, EM Bypass",kolkata,West Bengal,Hotel,5.0,4.4,2031.0,5500.0,,,,,,,,,,,,,,,,,,makemytrip
Hyatt Regency Kolkata,kolkata,West Bengal,Hotel,5.0,4.2,1426.0,5780.0,0.74,Salt Lake Stadium,,,,,,,,,,,,,,,,makemytrip
"Bandhan Residency
Like a 3",kolkata,West Bengal,Hotel,,3.7,460.0,1102.0,3.0,Netaji Subhash Chandra Bose International Airport,,,,,,,,,,,,,,,,makemytrip
The Oberoi Grand,kolkata,West Bengal,Hotel,5.0,4.7,1268.0,8000.0,0.93,Park Street,,,,,,,,,,,,,,,,makemytrip
"Fairfield by Marriott, Kolkata",kolkata,West Bengal,Hotel,4.0,4.1,2332.0,2499.0,,,,,,,,,,,,,,,,,,makemytrip
Ethnotel,kolkata,West Bengal,Hotel,3.0,4.0,3211.0,2949.0,1.7,Netaji Subhash Chandra Bose International Airport,,,,,,,,,,,,,,,,makemytrip
Backpackers Park Hostel @ParkStreet,kolkata,West Bengal,Hotel,,3.8,417.0,893.0,0.15,Park Street,,,,,,,,,,,,,,,,makemytrip
THE WESTIN KOLKATA RAJARHAT,kolkata,West Bengal,Hotel,5.0,4.4,2067.0,5699.0,9.3,Netaji Subhash Chandra Bose International Airport,,,,,,,,,,,,,,,,makemytrip
"Taj Bengal, Kolkata",kolkata,West Bengal,Hotel,5.0,4.6,1165.0,8000.0,,,,,,,,,,,,,,,,,,makemytrip
Hotel Senses,kolkata,West Bengal,Hotel,4.0,3.9,1943.0,3716.0,0.9,Salt Lake Sec V,,,,,,,,,,,,,,,,makemytrip
ITC Sonar - A Luxury Collection Hotel,kolkata,West Bengal,Hotel,5.0,4.4,2325.0,7225.0,,,,,,,,,,,,,,,,,,makemytrip
Kenilworth Hotel,kolkata,West Bengal,Hotel,4.0,4.3,669.0,6054.0,,,,,,,,,,,,,,,,,,makemytrip
The Peerless Inn,kolkata,West Bengal,Hotel,4.0,3.9,3539.0,4186.0,0.77,Eden Gardens,,,,,,,,,,,,,,,,makemytrip
De Sovrani,kolkata,West Bengal,Hotel,4.0,3.9,1260.0,2916.0,,,,,,,,,,,,,,,,,,makemytrip
"Pride Plaza Hotel, Kolkata",kolkata,West Bengal,Hotel,5.0,3.9,1861.0,2800.0,,,,,,,,,,,,,,,,,,makemytrip
"City Central Hostel, Kolkata",kolkata,West Bengal,Hotel,,4.6,77.0,736.0,0.98,Dharamtala Market,,,,,,,,,,,,,,,,makemytrip
Siamton Inn - A Cygnett Collection,kolkata,West Bengal,Hotel,4.0,4.0,2312.0,2790.0,0.01,Park Street,,,,,,,,,,,,,,,,makemytrip
Hotel Aauris,kolkata,West Bengal,Hotel,4.0,4.1,1658.0,4650.0,0.43,Park Street,,,,,,,,,,,,,,,,makemytrip
"Howard Johnson by Wyndham, Kolkata Airport",kolkata,West Bengal,Hotel,4.0,3.9,1150.0,2500.0,3.6,Netaji Subhash Chandra Bose International Airport,,,,,,,,,,,,,,,,makemytrip
Park Prime Kolkata,kolkata,West Bengal,Hotel,3.0,3.8,2036.0,3652.0,,,,,,,,,,,,,,,,,,makemytrip
Joey's Nest,kolkata,West Bengal,Hotel,,4.7,54.0,2245.0,9.5,Netaji Subhash Chandra Bose International Airport,,,,,,,,,,,,,,,,makemytrip
Hotel Hindusthan International,kolkata,West Bengal,Hotel,5.0,3.6,1907.0,4134.0,,,,,,,,,,,,,,,,,,makemytrip
Hotel Niharika,kolkata,West Bengal,Hotel,3.0,4.1,1551.0,2790.0,,,,,,,,,,,,,,,,,,makemytrip
Vedic Village Spa Resort,kolkata,West Bengal,Hotel,4.0,4.0,3761.0,3688.0,,,,,,,,,,,,,,,,,,makemytrip
Park Palace Hotel,kolkata,West Bengal,Hotel,3.0,3.6,1471.0,1350.0,,,,,,,,,,,,,,,,,,makemytrip
Offbeat CCU Bunkers,kolkata,West Bengal,Hotel,,4.3,92.0,944.0,,,,,,,,,,,,,,,,,,makemytrip
Monotel Luxury Business Hotel,kolkata,West Bengal,Hotel,4.0,3.9,1744.0,3523.0,,,,,,,,,,,,,,,,,,makemytrip
AIRPORT CITY HOTEL,kolkata,West Bengal,Hotel,4.0,3.9,1658.0,2994.0,2.0,Netaji Subhash Chandra Bose International Airport,,,,,,,,,,,,,,,,makemytrip
The Lindsay,kolkata,West Bengal,Hotel,3.0,3.5,1990.0,2907.0,0.87,Park Street,,,,,,,,,,,,,,,,makemytrip
RituIvy,kolkata,West Bengal,Hotel,3.0,4.0,547.0,2132.0,,,,,,,,,,,,,,,,,,makemytrip
Hotel O2 Oxygen,kolkata,West Bengal,Hotel,4.0,3.8,826.0,2856.0,2.1,Netaji Subhash Chandra Bose International Airport,,,,,,,,,,,,,,,,makemytrip
VISITEL - A BOUTIQUE HOTEL,kolkata,West Bengal,Hotel,3.0,3.8,1058.0,1991.0,,,,,,,,,,,,,,,,,,makemytrip
IndiSmart Hotel,kolkata,West Bengal,Hotel,3.0,3.9,277.0,1999.0,,,,,,,,,,,,,,,,,,makemytrip
LYNQ AERO,kolkata,West Bengal,Hotel,3.0,4.0,461.0,3242.0,,,,,,,,,,,,,,,,,,makemytrip
"Park Guest House, Kolkata",kolkata,West Bengal,Hotel,,3.7,19.0,1045.0,0.14,Park Street,,,,,,,,,,,,,,,,makemytrip
Regenta Inn Larica,kolkata,West Bengal,Hotel,3.0,3.6,1448.0,2713.0,4.1,Netaji Subhash Chandra Bose International Airport,,,,,,,,,,,,,,,,makemytrip
Golden Tulip Kolkata,kolkata,West Bengal,Hotel,4.0,4.1,1538.0,3772.0,,,,,,,,,,,,,,,,,,makemytrip
The Senator,kolkata,West Bengal,Hotel,3.0,4.3,1016.0,2511.0,,,,,,,,,,,,,,,,,,makemytrip
Gallery 67,kolkata,West Bengal,Hotel,3.0,4.2,832.0,2536.0,9.4,Netaji Subhash Chandra Bose International Airport,,,,,,,,,,,,,,,,makemytrip
CHOWDHURY'S ESTATES,kolkata,West Bengal,Hotel,,3.5,24.0,1935.0,,,,,,,,,,,,,,,,,,makemytrip
Pipal Tree Hotel,kolkata,West Bengal,Hotel,4.0,4.0,2274.0,3579.0,4.2,Netaji Subhash Chandra Bose International Airport,,,,,,,,,,,,,,,,makemytrip
Stayotel,kolkata,West Bengal,Hotel,3.0,4.0,606.0,2365.0,1.5,Netaji Subhash Chandra Bose International Airport,,,,,,,,,,,,,,,,makemytrip
"Raajkutir, Kolkata - IHCL SeleQtions",kolkata,West Bengal,Hotel,5.0,4.6,576.0,5350.0,0.81,Salt Lake Stadium,,,,,,,,,,,,,,,,makemytrip
The Sonnet,kolkata,West Bengal,Hotel,4.0,4.1,844.0,4937.0,,,,,,,,,,,,,,,,,,makemytrip
"Krishna Kunja | Rooms & Caretaker
Like a 3",kolkata,West Bengal,Hotel,,4.6,99.0,1440.0,5.1,Netaji Subhash Chandra Bose International Airport,,,,,,,,,,,,,,,,makemytrip
Aristocrat Hotel,kolkata,West Bengal,Hotel,4.0,3.7,262.0,1966.0,,,,,,,,,,,,,,,,,,makemytrip
The Fern Residency Kolkata,kolkata,West Bengal,Hotel,3.0,3.8,1051.0,2462.0,4.2,Netaji Subhash Chandra Bose International Airport,,,,,,,,,,,,,,,,makemytrip
Sapphire Suites,kolkata,West Bengal,Hotel,3.0,3.8,776.0,3089.0,0.78,Park Street,,,,,,,,,,,,,,,,makemytrip
Victoria Hotel,kolkata,West Bengal,Hotel,3.0,4.0,862.0,2388.0,4.0,Netaji Subhash Chandra Bose International Airport,,,,,,,,,,,,,,,,makemytrip
The Pearl Hotel,kolkata,West Bengal,Hotel,3.0,3.3,608.0,1517.0,0.84,Salt Lake Stadium,,,,,,,,,,,,,,,,makemytrip
The Astor,kolkata,West Bengal,Hotel,4.0,4.2,933.0,4502.0,,,,,,,,,,,,,,,,,,makemytrip
Barsana Boutique Hotel (Pure vegetarian),kolkata,West Bengal,Hotel,3.0,4.2,296.0,3767.0,,,,,,,,,,,,,,,,,,makemytrip
THE MAUREEN KOLKATA,kolkata,West Bengal,Hotel,3.0,4.0,1441.0,3188.0,4.7,Netaji Subhash Chandra Bose International Airport,,,,,,,,,,,,,,,,makemytrip
The Aster Penthouse,kolkata,West Bengal,Hotel,,4.2,12.0,1766.0,0.96,Park Street,,,,,,,,,,,,,,,,makemytrip
The Firangipani Suites,kolkata,West Bengal,Hotel,3.0,4.0,106.0,1980.0,,,,,,,,,,,,,,,,,,makemytrip
Celesta,kolkata,West Bengal,Hotel,3.0,4.1,1087.0,3085.0,5.8,Netaji Subhash Chandra Bose International Airport,,,,,,,,,,,,,,,,makemytrip
HOTEL EASTERN PLAZA,kolkata,West Bengal,Hotel,3.0,3.3,1312.0,1192.0,4.1,Netaji Subhash Chandra Bose International Airport,,,,,,,,,,,,,,,,makemytrip
Hotel Aura,kolkata,West Bengal,Hotel,3.0,3.6,432.0,2106.0,,,,,,,,,,,,,,,,,,makemytrip
Viceroy Kolkata (Boutique Hotel),kolkata,West Bengal,Hotel,3.0,3.8,1077.0,2562.0,3.8,Netaji Subhash Chandra Bose International Airport,,,,,,,,,,,,,,,,makemytrip
Beyzaa Hotel & Suites (Brewery Hotel),kolkata,West Bengal,Hotel,4.0,4.2,593.0,4589.0,,,,,,,,,,,,,,,,,,makemytrip
The CORPORATE,kolkata,West Bengal,Hotel,3.0,3.4,577.0,3086.0,0.13,Park Street,,,,,,,,,,,,,,,,makemytrip
Hotel Trimoorti,kolkata,West Bengal,Hotel,3.0,3.6,1375.0,1488.0,,,,,,,,,,,,,,,,,,makemytrip
Bubble Beds,kolkata,West Bengal,Hotel,,3.9,376.0,597.0,0.96,Kalighat Kali Temple,,,,,,,,,,,,,,,,makemytrip
The Opus Kolkata - A Boutique Hotel,kolkata,West Bengal,Hotel,3.0,3.9,376.0,2372.0,,,,,,,,,,,,,,,,,,makemytrip
Hotel Crest Inn,kolkata,West Bengal,Hotel,,3.7,975.0,1260.0,,,,,,,,,,,,,,,,,,makemytrip
Golden Parkk,kolkata,West Bengal,Hotel,3.0,3.6,219.0,3767.0,0.96,Park Street,,,,,,,,,,,,,,,,makemytrip
Hotel The Crest,kolkata,West Bengal,Hotel,,3.8,324.0,1328.0,,,,,,,,,,,,,,,,,,makemytrip
Park Victoria Hotel,kolkata,West Bengal,Hotel,,3.4,383.0,1507.0,0.25,Park Street,,,,,,,,,,,,,,,,makemytrip
The Samilton,kolkata,West Bengal,Hotel,3.0,4.0,777.0,3499.0,,,,,,,,,,,,,,,,,,makemytrip
Treebo Trend Orion Sapphire Beck Bagan,kolkata,West Bengal,Hotel,,3.8,127.0,2540.0,0.77,Park Street,,,,,,,,,,,,,,,,makemytrip
Eennra Oiitijhyya,kolkata,West Bengal,Hotel,3.0,4.4,142.0,1994.0,,,,,,,,,,,,,,,,,,makemytrip
"The Aster Heritage Homestay | Rooms & Caretaker
Like a 3",kolkata,West Bengal,Hotel,,4.3,115.0,2452.0,0.06,Park Street,,,,,,,,,,,,,,,,makemytrip
Basera Guest House,kolkata,West Bengal,Hotel,,4.1,635.0,1000.0,,,,,,,,,,,,,,,,,,makemytrip
LYNQ-CICO - Hotel,kolkata,West Bengal,Hotel,3.0,3.8,634.0,2372.0,,,,,,,,,,,,,,,,,,makemytrip
The Lake Hotel,kolkata,West Bengal,Hotel,3.0,3.7,396.0,1986.0,,,,,,,,,,,,,,,,,,makemytrip
"The Aster Heritage Gold
Like a 3",kolkata,West Bengal,Hotel,,4.4,17.0,4723.0,0.05,Park Street,,,,,,,,,,,,,,,,makemytrip
Treebo Tryst Tahoora International Park Street,kolkata,West Bengal,Hotel,3.0,3.7,70.0,3257.0,0.1,Park Street,,,,,,,,,,,,,,,,makemytrip
Southern Plaza,kolkata,West Bengal,Hotel,3.0,3.8,276.0,3201.0,,,,,,,,,,,,,,,,,,makemytrip
DIAMOND PLAZA,kolkata,West Bengal,Hotel,,3.8,736.0,1850.0,0.8,College Street,,,,,,,,,,,,,,,,makemytrip
Lytton Hotel,kolkata,West Bengal,Hotel,3.0,3.6,431.0,3004.0,0.56,Park Street,,,,,,,,,,,,,,,,makemytrip
"Dorota House | Room & Caretaker
Like a 3",kolkata,West Bengal,Hotel,,4.0,73.0,1365.0,,,,,,,,,,,,,,,,,,makemytrip
Hotel O2 VIP,kolkata,West Bengal,Hotel,3.0,3.9,356.0,2212.0,2.0,Netaji Subhash Chandra Bose International Airport,,,,,,,,,,,,,,,,makemytrip
Hotel Gateway Continental,kolkata,West Bengal,Hotel,3.0,3.8,600.0,2800.0,1.3,Netaji Subhash Chandra Bose International Airport,,,,,,,,,,,,,,,,makemytrip
Hotel Air View,kolkata,West Bengal,Hotel,,4.0,539.0,1078.0,1.8,Netaji Subhash Chandra Bose International Airport,,,,,,,,,,,,,,,,makemytrip
Hotel Casa Fortuna,kolkata,West Bengal,Hotel,3.0,3.9,693.0,3934.0,,,,,,,,,,,,,,,,,,makemytrip
Middleton Inn,kolkata,West Bengal,Hotel,3.0,3.5,264.0,2590.0,0.71,Park Street,,,,,,,,,,,,,,,,makemytrip
Hotel Sawood International,kolkata,West Bengal,Hotel,3.0,3.6,687.0,2122.0,,,,,,,,,,,,,,,,,,makemytrip
The Orchid Hotel Mumbai Vile Parle,mumbai,Maharashtra,Hotel,5.0,4.0,5593.0,6499.0,0.93,T1 - Chhatrapati Shivaji International Airport,,,,,,,,,,,,,,,,makemytrip
Trident Bandra Kurla,mumbai,Maharashtra,Hotel,5.0,4.6,4987.0,8750.0,7.8,T1 - Chhatrapati Shivaji International Airport,,,,,,,,,,,,,,,,makemytrip
ITC Grand Central - A Luxury Collection Hotel,mumbai,Maharashtra,Hotel,5.0,4.5,2445.0,14000.0,0.62,Cooper hospital,,,,,,,,,,,,,,,,makemytrip
IRA By Orchid Mumbai ( VITS Mumbai),mumbai,Maharashtra,Hotel,4.0,3.9,4707.0,5099.0,2.3,T2 - Chhatrapati Shivaji International Airport,,,,,,,,,,,,,,,,makemytrip
Trident Nariman Point,mumbai,Maharashtra,Hotel,5.0,4.6,5563.0,11250.0,0.47,Queen's Necklace - Marine Drive,,,,,,,,,,,,,,,,makemytrip
The Lalit Mumbai,mumbai,Maharashtra,Hotel,5.0,4.1,6468.0,11160.0,1.3,T2 - Chhatrapati Shivaji International Airport,,,,,,,,,,,,,,,,makemytrip
"Ginger Mumbai, Andheri East",mumbai,Maharashtra,Hotel,4.0,3.7,5340.0,3679.0,3.3,T1 - Chhatrapati Shivaji International Airport,,,,,,,,,,,,,,,,makemytrip
"Taj Santacruz, Mumbai",mumbai,Maharashtra,Hotel,5.0,4.6,4563.0,9000.0,0.56,T1 - Chhatrapati Shivaji International Airport,,,,,,,,,,,,,,,,makemytrip
Hotel Surya Prakash,mumbai,Maharashtra,Hotel,3.0,3.9,121.0,3939.0,,,,,,,,,,,,,,,,,,makemytrip
Hilton Mumbai International Airport,mumbai,Maharashtra,Hotel,5.0,4.2,1686.0,9100.0,1.6,T2 - Chhatrapati Shivaji International Airport,,,,,,,,,,,,,,,,makemytrip
Holiday Inn Mumbai International Airport,mumbai,Maharashtra,Hotel,5.0,4.3,2744.0,6999.0,3.0,T2 - Chhatrapati Shivaji International Airport,,,,,,,,,,,,,,,,makemytrip
goSTOPS Mumbai - Rooms & Dorms,mumbai,Maharashtra,Hotel,,3.9,1376.0,816.0,,,,,,,,,,,,,,,,,,makemytrip
The Regale by Tunga,mumbai,Maharashtra,Hotel,3.0,4.1,4946.0,4427.0,3.6,T2 - Chhatrapati Shivaji International Airport,,,,,,,,,,,,,,,,makemytrip
"Taj Lands End, Mumbai",mumbai,Maharashtra,Hotel,5.0,4.5,4222.0,11000.0,0.23,Band Stand,,,,,,,,,,,,,,,,makemytrip
"Ramada Plaza By Wyndham Palm Grove, Juhu, Mumbai",mumbai,Maharashtra,Hotel,5.0,4.1,7206.0,7095.0,5.8,T1 - Chhatrapati Shivaji International Airport,,,,,,,,,,,,,,,,makemytrip
Sahara Star,mumbai,Maharashtra,Hotel,5.0,4.2,7303.0,10400.0,0.76,T1 - Chhatrapati Shivaji International Airport,,,,,,,,,,,,,,,,makemytrip
Qubestay Airport Capsule Hostel | Rooms & Dorms,mumbai,Maharashtra,Hotel,,3.8,632.0,1160.0,3.6,T2 - Chhatrapati Shivaji International Airport,,,,,,,,,,,,,,,,makemytrip
Courtyard by Marriott Mumbai International Airport,mumbai,Maharashtra,Hotel,5.0,4.3,1829.0,7500.0,3.3,T2 - Chhatrapati Shivaji International Airport,,,,,,,,,,,,,,,,makemytrip
The Westin Mumbai Garden City,mumbai,Maharashtra,Hotel,5.0,4.4,1431.0,9000.0,9.5,T1 - Chhatrapati Shivaji International Airport,,,,,,,,,,,,,,,,makemytrip
JW Marriott Mumbai Juhu,mumbai,Maharashtra,Hotel,5.0,4.4,1731.0,12500.0,5.5,T1 - Chhatrapati Shivaji International Airport,,,,,,,,,,,,,,,,makemytrip
ITC Maratha - A Luxury Collection Hotel,mumbai,Maharashtra,Hotel,5.0,4.4,4680.0,10030.0,1.4,T2 - Chhatrapati Shivaji International Airport,,,,,,,,,,,,,,,,makemytrip
City Stay,mumbai,Maharashtra,Hotel,,4.6,214.0,1229.0,3.7,T1 - Chhatrapati Shivaji International Airport,,,,,,,,,,,,,,,,makemytrip
JW Marriott Mumbai Sahar,mumbai,Maharashtra,Hotel,5.0,4.5,2139.0,9500.0,1.2,T2 - Chhatrapati Shivaji International Airport,,,,,,,,,,,,,,,,makemytrip
Radisson Mumbai Andheri MIDC,mumbai,Maharashtra,Hotel,5.0,4.3,3609.0,7000.0,4.1,T2 - Chhatrapati Shivaji International Airport,,,,,,,,,,,,,,,,makemytrip
Sofitel Mumbai BKC- Luxury Brand by Accor,mumbai,Maharashtra,Hotel,5.0,4.3,2276.0,8550.0,7.6,T1 - Chhatrapati Shivaji International Airport,,,,,,,,,,,,,,,,makemytrip
The Leela Mumbai,mumbai,Maharashtra,Hotel,5.0,4.5,2861.0,10500.0,1.7,T2 - Chhatrapati Shivaji International Airport,,,,,,,,,,,,,,,,makemytrip
Novotel Mumbai International Airport,mumbai,Maharashtra,Hotel,5.0,4.4,102.0,8299.0,1.8,T2 - Chhatrapati Shivaji International Airport,,,,,,,,,,,,,,,,makemytrip
Radisson Blu Mumbai International Airport,mumbai,Maharashtra,Hotel,5.0,4.4,2166.0,7499.0,2.1,T2 - Chhatrapati Shivaji International Airport,,,,,,,,,,,,,,,,makemytrip
Sun-N-Sand,mumbai,Maharashtra,Hotel,5.0,4.2,2353.0,8835.0,5.8,T1 - Chhatrapati Shivaji International Airport,,,,,,,,,,,,,,,,makemytrip
The St. Regis Mumbai,mumbai,Maharashtra,Hotel,5.0,4.5,1328.0,12500.0,0.64,Tata memorial cancer hospital,,,,,,,,,,,,,,,,makemytrip
Niranta Airport Transit Hotel & Lounge Terminal 2 Arrivals/Landside,mumbai,Maharashtra,Hotel,4.0,4.0,1443.0,9303.0,,,,,,,,,,,,,,,,,,makemytrip
"Zostel Mumbai
Like a 3",mumbai,Maharashtra,Hotel,,4.0,738.0,1342.0,3.6,T2 - Chhatrapati Shivaji International Airport,,,,,,,,,,,,,,,,makemytrip
"President, Mumbai - IHCL SeleQtions",mumbai,Maharashtra,Hotel,5.0,4.4,2510.0,10400.0,2.4,Queen's Necklace - Marine Drive,,,,,,,,,,,,,,,,makemytrip
Novotel Mumbai Juhu Beach,mumbai,Maharashtra,Hotel,5.0,3.6,2306.0,8500.0,5.6,T1 - Chhatrapati Shivaji International Airport,,,,,,,,,,,,,,,,makemytrip
Ibis Mumbai Airport - An Accor Brand,mumbai,Maharashtra,Hotel,3.0,3.6,1990.0,6499.0,0.68,T1 - Chhatrapati Shivaji International Airport,,,,,,,,,,,,,,,,makemytrip
"Ginger Mumbai, Andheri (MIDC)",mumbai,Maharashtra,Hotel,3.0,3.4,2721.0,2624.0,5.3,T2 - Chhatrapati Shivaji International Airport,,,,,,,,,,,,,,,,makemytrip
Lakeside Chalet Marriott Executive Apartments,mumbai,Maharashtra,Hotel,,4.1,362.0,9000.0,6.5,T2 - Chhatrapati Shivaji International Airport,,,,,,,,,,,,,,,,makemytrip
"Lemon Tree Hotel, Kalina, Mumbai",mumbai,Maharashtra,Hotel,4.0,3.3,324.0,4975.0,6.7,T1 - Chhatrapati Shivaji International Airport,,,,,,,,,,,,,,,,makemytrip
Ramee Guestline Hotel Juhu,mumbai,Maharashtra,Hotel,4.0,3.6,3162.0,5275.0,5.7,T1 - Chhatrapati Shivaji International Airport,,,,,,,,,,,,,,,,makemytrip
Ramee Techome,mumbai,Maharashtra,Hotel,4.0,4.0,1173.0,6231.0,5.2,T1 - Chhatrapati Shivaji International Airport,,,,,,,,,,,,,,,,makemytrip
Shabana,mumbai,Maharashtra,Hotel,,3.5,216.0,1304.0,1.1,Gateway Of India Mumbai,,,,,,,,,,,,,,,,makemytrip
Hotel Bawa International,mumbai,Maharashtra,Hotel,3.0,4.0,1817.0,5000.0,0.81,T1 - Chhatrapati Shivaji International Airport,,,,,,,,,,,,,,,,makemytrip
"Ginger Mumbai, Goregaon",mumbai,Maharashtra,Hotel,4.0,3.8,478.0,3224.0,8.5,T1 - Chhatrapati Shivaji International Airport,,,,,,,,,,,,,,,,makemytrip
Grand Hyatt Mumbai,mumbai,Maharashtra,Hotel,5.0,4.3,1855.0,10000.0,3.7,T1 - Chhatrapati Shivaji International Airport,,,,,,,,,,,,,,,,makemytrip
Hotel Marine Plaza,mumbai,Maharashtra,Hotel,5.0,4.2,1292.0,9449.0,0.27,Queen's Necklace - Marine Drive,,,,,,,,,,,,,,,,makemytrip
"Lemon Tree Premier, Mumbai International Airport, Mumbai",mumbai,Maharashtra,Hotel,5.0,4.2,5001.0,3566.0,2.3,T2 - Chhatrapati Shivaji International Airport,,,,,,,,,,,,,,,,makemytrip
Hotel Airport International,mumbai,Maharashtra,Hotel,3.0,3.7,3139.0,3255.0,0.78,T1 - Chhatrapati Shivaji International Airport,,,,,,,,,,,,,,,,makemytrip
Dragonfly Hotel - The Art Hotel,mumbai,Maharashtra,Hotel,4.0,3.5,906.0,3035.0,3.1,T2 - Chhatrapati Shivaji International Airport,,,,,,,,,,,,,,,,makemytrip
Four Seasons Hotel Mumbai,mumbai,Maharashtra,Hotel,5.0,4.4,1863.0,49000.0,,,,,,,,,,,,,,,,,,makemytrip
Gateway Inn | Rooms in an Apartment,mumbai,Maharashtra,Hotel,,3.2,356.0,1839.0,2.3,T2 - Chhatrapati Shivaji International Airport,,,,,,,,,,,,,,,,makemytrip
"The Oberoi, Mumbai",mumbai,Maharashtra,Hotel,5.0,4.7,876.0,16750.0,0.42,Queen's Necklace - Marine Drive,,,,,,,,,,,,,,,,makemytrip
Hotel Jyoti Dwelling,mumbai,Maharashtra,Hotel,3.0,4.2,1539.0,2232.0,3.2,T2 - Chhatrapati Shivaji International Airport,,,,,,,,,,,,,,,,makemytrip
Indie Stays,mumbai,Maharashtra,Hotel,3.0,3.9,1406.0,6975.0,5.8,T1 - Chhatrapati Shivaji International Airport,,,,,,,,,,,,,,,,makemytrip
Meluha - The Fern,mumbai,Maharashtra,Hotel,5.0,4.4,2189.0,7109.0,7.2,T2 - Chhatrapati Shivaji International Airport,,,,,,,,,,,,,,,,makemytrip
Afra dormitory,mumbai,Maharashtra,Hotel,,4.8,4.0,848.0,3.3,T2 - Chhatrapati Shivaji International Airport,,,,,,,,,,,,,,,,makemytrip
Hotel Airlink,mumbai,Maharashtra,Hotel,3.0,3.8,387.0,3204.0,0.95,T1 - Chhatrapati Shivaji International Airport,,,,,,,,,,,,,,,,makemytrip
The Fern Goregaon,mumbai,Maharashtra,Hotel,5.0,4.2,1842.0,7988.0,8.9,T1 - Chhatrapati Shivaji International Airport,,,,,,,,,,,,,,,,makemytrip
Mirage Hotel,mumbai,Maharashtra,Hotel,4.0,4.1,1820.0,6126.0,1.7,T2 - Chhatrapati Shivaji International Airport,,,,,,,,,,,,,,,,makemytrip
"RELOhomes | 1 BHK Apartment
Like a 4",mumbai,Maharashtra,Hotel,,4.6,45.0,5721.0,7.7,T2 - Chhatrapati Shivaji International Airport,,,,,,,,,,,,,,,,makemytrip
Click Hotel Caliph,mumbai,Maharashtra,Hotel,3.0,3.3,834.0,4500.0,5.4,T2 - Chhatrapati Shivaji International Airport,,,,,,,,,,,,,,,,makemytrip
HOTEL LEAFIO MARIGOLD,mumbai,Maharashtra,Hotel,3.0,3.7,1387.0,3162.0,2.2,T2 - Chhatrapati Shivaji International Airport,,,,,,,,,,,,,,,,makemytrip
"Keys Select by Lemon Tree Hotels, Nestor, Mumbai",mumbai,Maharashtra,Hotel,3.0,3.5,1528.0,3623.0,3.0,T2 - Chhatrapati Shivaji International Airport,,,,,,,,,,,,,,,,makemytrip
Hotel Sea Princess,mumbai,Maharashtra,Hotel,5.0,4.1,1762.0,7952.0,5.6,T1 - Chhatrapati Shivaji International Airport,,,,,,,,,,,,,,,,makemytrip
HOTEL WEGO,mumbai,Maharashtra,Hotel,3.0,4.1,1335.0,3495.0,2.2,T2 - Chhatrapati Shivaji International Airport,,,,,,,,,,,,,,,,makemytrip
Rodas - An Ecotel Hotel,mumbai,Maharashtra,Hotel,3.0,4.4,795.0,7998.0,7.0,T2 - Chhatrapati Shivaji International Airport,,,,,,,,,,,,,,,,makemytrip
The Westin Mumbai Powai Lake,mumbai,Maharashtra,Hotel,5.0,4.3,1282.0,9000.0,6.7,T2 - Chhatrapati Shivaji International Airport,,,,,,,,,,,,,,,,makemytrip
Mayura Aureole Co-Living,mumbai,Maharashtra,Hotel,,4.2,143.0,1496.0,8.4,T1 - Chhatrapati Shivaji International Airport,,,,,,,,,,,,,,,,makemytrip
Sea Green Hotel,mumbai,Maharashtra,Hotel,3.0,3.8,1203.0,4692.0,0.45,Queen's Necklace - Marine Drive,,,,,,,,,,,,,,,,makemytrip
ibis Mumbai Vikhroli - An Accor Brand,mumbai,Maharashtra,Hotel,4.0,3.9,327.0,6299.0,9.5,T2 - Chhatrapati Shivaji International Airport,,,,,,,,,,,,,,,,makemytrip
Aboo's Concord Galaxy,mumbai,Maharashtra,Hotel,3.0,3.3,798.0,3228.0,1.9,T2 - Chhatrapati Shivaji International Airport,,,,,,,,,,,,,,,,makemytrip
The Paradise by Tunga,mumbai,Maharashtra,Hotel,3.0,4.0,1202.0,5864.0,3.4,T2 - Chhatrapati Shivaji International Airport,,,,,,,,,,,,,,,,makemytrip
Address Dormitory,mumbai,Maharashtra,Hotel,,4.0,240.0,404.0,3.2,T2 - Chhatrapati Shivaji International Airport,,,,,,,,,,,,,,,,makemytrip
Arnna Hotel - Goregaon,mumbai,Maharashtra,Hotel,3.0,3.8,135.0,2919.0,7.9,T1 - Chhatrapati Shivaji International Airport,,,,,,,,,,,,,,,,makemytrip
Ramee Guestline Hotel - Dadar,mumbai,Maharashtra,Hotel,4.0,4.1,774.0,6814.0,,,,,,,,,,,,,,,,,,makemytrip
Hotel Metro Palace,mumbai,Maharashtra,Hotel,3.0,3.6,1167.0,4064.0,2.5,Band Stand,,,,,,,,,,,,,,,,makemytrip
Hotel Manama,mumbai,Maharashtra,Hotel,3.0,3.5,1566.0,3158.0,2.3,Gateway Of India Mumbai,,,,,,,,,,,,,,,,makemytrip
Aashiyana Dormitory,mumbai,Maharashtra,Hotel,,3.1,277.0,630.0,2.4,Gateway Of India Mumbai,,,,,,,,,,,,,,,,makemytrip
T24 Residency,mumbai,Maharashtra,Hotel,4.0,4.0,2465.0,4099.0,2.0,T2 - Chhatrapati Shivaji International Airport,,,,,,,,,,,,,,,,makemytrip
"The Taj Mahal Palace, Mumbai",mumbai,Maharashtra,Hotel,5.0,4.7,802.0,27000.0,0.28,Gateway Of India Mumbai,,,,,,,,,,,,,,,,makemytrip
The Roa Hotel,mumbai,Maharashtra,Hotel,3.0,3.7,1300.0,2976.0,5.5,T2 - Chhatrapati Shivaji International Airport,,,,,,,,,,,,,,,,makemytrip
Hotel Leafio,mumbai,Maharashtra,Hotel,3.0,3.5,1919.0,2199.0,3.1,T2 - Chhatrapati Shivaji International Airport,,,,,,,,,,,,,,,,makemytrip
The Byke Delotel,mumbai,Maharashtra,Hotel,3.0,3.8,419.0,3183.0,,,,,,,,,,,,,,,,,,makemytrip
The Empresa Hotel,mumbai,Maharashtra,Hotel,4.0,3.8,701.0,8099.0,7.6,T1 - Chhatrapati Shivaji International Airport,,,,,,,,,,,,,,,,makemytrip
HOTEL KOHINOOR PARK,mumbai,Maharashtra,Hotel,3.0,3.8,592.0,3596.0,0.48,Siddhivinayak Temple,,,,,,,,,,,,,,,,makemytrip
The Altruist Business Hotel (Andheri),mumbai,Maharashtra,Hotel,3.0,3.6,1257.0,2763.0,4.5,T1 - Chhatrapati Shivaji International Airport,,,,,,,,,,,,,,,,makemytrip
Hotel Parle International,mumbai,Maharashtra,Hotel,3.0,3.7,3158.0,4836.0,1.9,T1 - Chhatrapati Shivaji International Airport,,,,,,,,,,,,,,,,makemytrip
Ocean Dormitory,mumbai,Maharashtra,Hotel,,3.6,67.0,925.0,3.7,T2 - Chhatrapati Shivaji International Airport,,,,,,,,,,,,,,,,makemytrip
Hotel Beacon T2,mumbai,Maharashtra,Hotel,4.0,3.2,955.0,3600.0,3.9,T2 - Chhatrapati Shivaji International Airport,,,,,,,,,,,,,,,,makemytrip
Hotel Columbus,mumbai,Maharashtra,Hotel,3.0,3.6,1401.0,2608.0,1.5,T1 - Chhatrapati Shivaji International Airport,,,,,,,,,,,,,,,,makemytrip
Sea Green South Hotel,mumbai,Maharashtra,Hotel,3.0,3.9,985.0,5583.0,0.44,Queen's Necklace - Marine Drive,,,,,,,,,,,,,,,,makemytrip
Hotel Suba International,mumbai,Maharashtra,Hotel,4.0,4.3,683.0,6700.0,2.0,T2 - Chhatrapati Shivaji International Airport,,,,,,,,,,,,,,,,makemytrip
Classic Dormitory,mumbai,Maharashtra,Hotel,,3.8,123.0,572.0,3.5,T2 - Chhatrapati Shivaji International Airport,,,,,,,,,,,,,,,,makemytrip
The Resort Mumbai,mumbai,Maharashtra,Hotel,5.0,4.2,3937.0,11811.0,,,,,,,,,,,,,,,,,,makemytrip
The Mirador,mumbai,Maharashtra,Hotel,4.0,3.7,384.0,6750.0,3.2,T1 - Chhatrapati Shivaji International Airport,,,,,,,,,,,,,,,,makemytrip
The Sahil Hotel,mumbai,Maharashtra,Hotel,4.0,4.2,1587.0,4650.0,0.61,Mumbai Central Bus Terminus,,,,,,,,,,,,,,,,makemytrip
Avion Hotel,mumbai,Maharashtra,Hotel,3.0,3.3,1154.0,4205.0,1.6,T1 - Chhatrapati Shivaji International Airport,,,,,,,,,,,,,,,,makemytrip
Blossom Dormitory ( For Male and Female),mumbai,Maharashtra,Hotel,,3.6,214.0,678.0,3.4,T2 - Chhatrapati Shivaji International Airport,,,,,,,,,,,,,,,,makemytrip
Comfort Inn Heritage,mumbai,Maharashtra,Hotel,4.0,3.9,963.0,4743.0,,,,,,,,,,,,,,,,,,makemytrip
Hotel Planet Residency,mumbai,Maharashtra,Hotel,3.0,3.8,1064.0,3726.0,2.2,T1 - Chhatrapati Shivaji International Airport,,,,,,,,,,,,,,,,makemytrip
Hotel Kohinoor Elite,mumbai,Maharashtra,Hotel,4.0,4.1,2183.0,7250.0,6.1,T2 - Chhatrapati Shivaji International Airport,,,,,,,,,,,,,,,,makemytrip
Residency Hotel Andheri,mumbai,Maharashtra,Hotel,4.0,4.0,1866.0,4883.0,3.2,T1 - Chhatrapati Shivaji International Airport,,,,,,,,,,,,,,,,makemytrip
